Entry,Index,NAME,ano(ANO1)
search2|LIYHUA|0,1,LIYHUA,66.0
search2|LIYHUA|1,2,LIYHUA,66.0
search2|LIYJAI|2,3,LIYJAI,68.0
search2|LIYJAI|3,4,LIYJAI,68.0
search2|LOFCUI|4,5,LOFCUI,27.0
search2|LOFDAP|5,6,LOFDAP,28.0
search2|WIXQIH|6,7,WIXQIH,25.0
search2|WIXQUT|7,8,WIXQUT,27.0
search2|WIXQUT|8,9,WIXQUT,27.0
search2|WIXRII|9,10,WIXRII,48.0
search2|WIYFAP|10,11,WIYFAP,30.0
search2|XOLYIK|11,12,XOLYIK,46.0
search2|XOLYOQ|12,13,XOLYOQ,46.0
search2|ZOJYAC|13,14,ZOJYAC,26.0
search2|ABIYEQ|14,15,ABIYEQ,48.0
search2|ADUDAH|15,16,ADUDAH,30.0
search2|AFULIA|16,17,AFULIA,28.0
search2|AFULOG|17,18,AFULOG,28.0
search2|AHICAV|18,19,AHICAV,64.0
search2|AHICAV01|19,20,AHICAV01,64.0
search2|AHICEZ|20,21,AHICEZ,65.0
search2|AHICID|21,22,AHICID,29.0
search2|AHICOJ|22,23,AHICOJ,29.0
search2|AHICUP|23,24,AHICUP,30.0
search2|AKEPAH|24,25,AKEPAH,26.0
search2|ALAFEA|25,26,ALAFEA,30.0
search2|ALAPEJ|26,27,ALAPEJ,29.0
search2|ALIQAO|27,28,ALIQAO,29.0
search2|ALIQAO|28,29,ALIQAO,29.0
search2|ALIQES|29,30,ALIQES,30.0
search2|ALIQES|30,31,ALIQES,30.0
search2|ALIQIW|31,32,ALIQIW,30.0
search2|ALIQOC|32,33,ALIQOC,30.0
search2|APTHCB|33,34,APTHCB,27.0
search2|APTHCB|34,35,APTHCB,27.0
search2|AQIHUE|35,36,AQIHUE,28.0
search2|AQIHUE|36,37,AQIHUE,28.0
search2|AQIJAM|37,38,AQIJAM,28.0
search2|AQUFUO|38,39,AQUFUO,28.0
search2|AQUFUO|39,40,AQUFUO,28.0
search2|AQUGAV|40,41,AQUGAV,28.0
search2|AQUGEZ|41,42,AQUGEZ,28.0
search2|ASUNEH|42,43,ASUNEH,29.0
search2|ASUNEH|43,44,ASUNEH,29.0
search2|ASUNIL|44,45,ASUNIL,29.0
search2|ASUXIX|45,46,ASUXIX,30.0
search2|ASUXOD|46,47,ASUXOD,30.0
search2|ASUXOD|47,48,ASUXOD,30.0
search2|ASUXUJ|48,49,ASUXUJ,30.0
search2|ATEYAB|49,50,ATEYAB,25.0
search2|ATEYEF|50,51,ATEYEF,29.0
search2|AVUKEH|51,52,AVUKEH,28.0
search2|AWESOK|52,53,AWESOK,29.0
search2|AWESOK|53,54,AWESOK,30.0
search2|AXARAV|54,55,AXARAV,28.0
search2|BACLAT|55,56,BACLAT,29.0
search2|BACLAT|56,57,BACLAT,28.0
search2|BAJJAY|57,58,BAJJAY,30.0
search2|BAJJEC|58,59,BAJJEC,30.0
search2|BAJJIG|59,60,BAJJIG,30.0
search2|BAJJOM|60,61,BAJJOM,30.0
search2|BAMDAV|61,62,BAMDAV,30.0
search2|BAMDEZ|62,63,BAMDEZ,30.0
search2|BAMLAD|63,64,BAMLAD,29.0
search2|BAMLEH|64,65,BAMLEH,29.0
search2|BAMLIL|65,66,BAMLIL,29.0
search2|BAMQIR|66,67,BAMQIR,71.0
search2|BAMQIR|67,68,BAMQIR,71.0
search2|BAMQOX|68,69,BAMQOX,69.0
search2|BAMQOX|69,70,BAMQOX,69.0
search2|BEVYEJ|70,71,BEVYEJ,27.0
search2|BEZWUA|71,72,BEZWUA,29.0
search2|BIGMEJ|72,73,BIGMEJ,28.0
search2|BIGMEJ|73,74,BIGMEJ,46.0
search2|BIPQEA|74,75,BIPQEA,29.0
search2|BIRRED|75,76,BIRRED,30.0
search2|BIWVOT|76,77,BIWVOT,29.0
search2|BOCRET|77,78,BOCRET,30.0
search2|BOCRET|78,79,BOCRET,30.0
search2|BOCRIX|79,80,BOCRIX,30.0
search2|BOCRIX|80,81,BOCRIX,30.0
search2|BOCROD|81,82,BOCROD,30.0
search2|BOFBIJ|82,83,BOFBIJ,28.0
search2|BOFBOP|83,84,BOFBOP,28.0
search2|BOFBOP|84,85,BOFBOP,28.0
search2|BOFBUV|85,86,BOFBUV,29.0
search2|BOFBUV|86,87,BOFBUV,29.0
search2|BOFBUV|87,88,BOFBUV,29.0
search2|BOFBUV|88,89,BOFBUV,29.0
search2|BOFGIP|89,90,BOFGIP,25.0
search2|BOFGIP|90,91,BOFGIP,25.0
search2|BOHGEK|91,92,BOHGEK,29.0
search2|BOLBUC|92,93,BOLBUC,64.0
search2|BOLBUC|93,94,BOLBUC,64.0
search2|BOLCAJ|94,95,BOLCAJ,67.0
search2|BOLCAJ|95,96,BOLCAJ,67.0
search2|BOLCEN|96,97,BOLCEN,65.0
search2|BOLCEN|97,98,BOLCEN,65.0
search2|BOLCIR|98,99,BOLCIR,66.0
search2|BOLCIR|99,100,BOLCIR,66.0
search2|BOWKED|100,101,BOWKED,27.0
search2|BUBKOA|101,102,BUBKOA,28.0
search2|BUBKOA|102,103,BUBKOA,28.0
search2|BUBKUG|103,104,BUBKUG,27.0
search2|BUBKUG|104,105,BUBKUG,27.0
search2|BUHCOY|105,106,BUHCOY,25.0
search2|BUHGUI|106,107,BUHGUI,29.0
search2|BUHGUI|107,108,BUHGUI,29.0
search2|BUHHAP|108,109,BUHHAP,29.0
search2|BUHHAP|109,110,BUHHAP,29.0
search2|BUHHET|110,111,BUHHET,29.0
search2|BUHHET|111,112,BUHHET,29.0
search2|BUHHET|112,113,BUHHET,29.0
search2|BUHHIX|113,114,BUHHIX,29.0
search2|BUHHIX|114,115,BUHHIX,29.0
search2|BUHHIX|115,116,BUHHIX,29.0
search2|BUHHOD|116,117,BUHHOD,29.0
search2|BUNREJ|117,118,BUNREJ,27.0
search2|BUNSAE|118,119,BUNSAE,27.0
search2|BUPFUN|119,120,BUPFUN,27.0
search2|BUTFED|120,121,BUTFED,29.0
search2|CANTET|121,122,CANTET,29.0
search2|CAVJER|122,123,CAVJER,25.0
search2|CAVJIV|123,124,CAVJIV,25.0
search2|CAVJOB|124,125,CAVJOB,25.0
search2|CAVJUH|125,126,CAVJUH,25.0
search2|CAVKAO|126,127,CAVKAO,25.0
search2|CAXRIG|127,128,CAXRIG,27.0
search2|CAXRIG|128,129,CAXRIG,27.0
search2|CAYGAL|129,130,CAYGAL,30.0
search2|CAYGEP|130,131,CAYGEP,30.0
search2|CAYGIT|131,132,CAYGIT,28.0
search2|CAYGOZ|132,133,CAYGOZ,28.0
search2|CEKRER|133,134,CEKRER,28.0
search2|CEKRER|134,135,CEKRER,28.0
search2|CEKRIV|135,136,CEKRIV,29.0
search2|CENPOB|136,137,CENPOB,29.0
search2|CENPUH|137,138,CENPUH,29.0
search2|CENPUH|138,139,CENPUH,29.0
search2|CENQAO|139,140,CENQAO,29.0
search2|CERCUB|140,141,CERCUB,29.0
search2|CERDAI|141,142,CERDAI,29.0
search2|CICGUT|142,143,CICGUT,29.0
search2|CICHII|143,144,CICHII,29.0
search2|CICWES|144,145,CICWES,29.0
search2|CIJKEN|145,146,CIJKEN,30.0
search2|CIJKEN|146,147,CIJKEN,25.0
search2|CIQSIH|147,148,CIQSIH,29.0
search2|CISNAW|148,149,CISNAW,29.0
search2|CODVAV|149,150,CODVAV,30.0
search2|COLWEG|150,151,COLWEG,25.0
search2|COMPUQ|151,152,COMPUQ,64.0
search2|COMQAX|152,153,COMQAX,65.0
search2|COMQEB|153,154,COMQEB,39.0
search2|CONBUE|154,155,CONBUE,29.0
search2|COPJUO|155,156,COPJUO,27.0
search2|COPJUO|156,157,COPJUO,27.0
search2|COPKAV|157,158,COPKAV,27.0
search2|COPKAV|158,159,COPKAV,27.0
search2|COPKEZ|159,160,COPKEZ,27.0
search2|COPKEZ|160,161,COPKEZ,27.0
search2|COPKID|161,162,COPKID,27.0
search2|COPKID|162,163,COPKID,27.0
search2|COPKOJ|163,164,COPKOJ,27.0
search2|COPKOJ|164,165,COPKOJ,27.0
search2|COPKOJ|165,166,COPKOJ,27.0
search2|COPKOJ|166,167,COPKOJ,27.0
search2|COPLAW|167,168,COPLAW,27.0
search2|COPLAW|168,169,COPLAW,27.0
search2|COPLAW|169,170,COPLAW,27.0
search2|COPLAW|170,171,COPLAW,27.0
search2|COSHOI|171,172,COSHOI,29.0
search2|COSHUO|172,173,COSHUO,29.0
search2|COSHUO|173,174,COSHUO,29.0
search2|COTKED|174,175,COTKED,30.0
search2|COVYER|175,176,COVYER,29.0
search2|COVYIV|176,177,COVYIV,29.0
search2|CUDSEA|177,178,CUDSEA,27.0
search2|CUDSEA|178,179,CUDSEA,27.0
search2|CUDSIE|179,180,CUDSIE,27.0
search2|CUDSOK|180,181,CUDSOK,27.0
search2|CUDSUQ|181,182,CUDSUQ,29.0
search2|CUDSUQ|182,183,CUDSUQ,29.0
search2|CUDTAX|183,184,CUDTAX,29.0
search2|CUDTAX|184,185,CUDTAX,29.0
search2|CUPORY|185,186,CUPORY,29.0
search2|CUPPUY|186,187,CUPPUY,29.0
search2|CUVYOJ|187,188,CUVYOJ,25.0
search2|CUVYOJ|188,189,CUVYOJ,25.0
search2|CUVYUP|189,190,CUVYUP,25.0
search2|CUVYUP|190,191,CUVYUP,25.0
search2|CUVZAW|191,192,CUVZAW,25.0
search2|DADJAT|192,193,DADJAT,29.0
search2|DADJAT01|193,194,DADJAT01,29.0
search2|DAHXUG|194,195,DAHXUG,48.0
search2|DAHXUG|195,196,DAHXUG,48.0
search2|DAHXUG|196,197,DAHXUG,48.0
search2|DAJCIE|197,198,DAJCIE,30.0
search2|DAJCIE|198,199,DAJCIE,30.0
search2|DAJCIE|199,200,DAJCIE,30.0
search2|DAJCOK|200,201,DAJCOK,28.0
search2|DAJCOK|201,202,DAJCOK,28.0
search2|DAMSER|202,203,DAMSER,30.0
search2|DAMSIV|203,204,DAMSIV,30.0
search2|DAMSOB|204,205,DAMSOB,30.0
search2|DAMSUH|205,206,DAMSUH,30.0
search2|DAVZOT|206,207,DAVZOT,30.0
search2|DAVZUZ|207,208,DAVZUZ,30.0
search2|DAXYEH|208,209,DAXYEH,29.0
search2|DAYPOK|209,210,DAYPOK,30.0
search2|DAYPUQ|210,211,DAYPUQ,30.0
search2|DECZAP|211,212,DECZAP,27.0
search2|DECZET|212,213,DECZET,27.0
search2|DEDYES|213,214,DEDYES,30.0
search2|DEFGAY|214,215,DEFGAY,30.0
search2|DEFGEC|215,216,DEFGEC,30.0
search2|DEFGIG|216,217,DEFGIG,30.0
search2|DEFGOM|217,218,DEFGOM,30.0
search2|DEFGUS|218,219,DEFGUS,30.0
search2|DEFHAZ|219,220,DEFHAZ,30.0
search2|DEFHAZ|220,221,DEFHAZ,30.0
search2|DEFHED|221,222,DEFHED,30.0
search2|DEFHED|222,223,DEFHED,30.0
search2|DEFHIH|223,224,DEFHIH,30.0
search2|DEFHIH|224,225,DEFHIH,30.0
search2|DEFHON|225,226,DEFHON,48.0
search2|DEFHUT|226,227,DEFHUT,30.0
search2|DEFJAB|227,228,DEFJAB,30.0
search2|DEFJAB01|228,229,DEFJAB01,30.0
search2|DEMMUD|229,230,DEMMUD,27.0
search2|DEMQAN|230,231,DEMQAN,27.0
search2|DEMQER|231,232,DEMQER,27.0
search2|DEMQIV|232,233,DEMQIV,27.0
search2|DEQGEO|233,234,DEQGEO,28.0
search2|DERYEE|234,235,DERYEE,29.0
search2|DETDUC|235,236,DETDUC,29.0
search2|DETDUC|236,237,DETDUC,29.0
search2|DEZJID|237,238,DEZJID,29.0
search2|DIMJUH|238,239,DIMJUH,29.0
search2|DIMKAO|239,240,DIMKAO,29.0
search2|DIMKAO|240,241,DIMKAO,29.0
search2|DIMLIX|241,242,DIMLIX,29.0
search2|DIMLIX|242,243,DIMLIX,29.0
search2|DIMLIX|243,244,DIMLIX,29.0
search2|DIMLIX|244,245,DIMLIX,29.0
search2|DIRVOT|245,246,DIRVOT,39.0
search2|DIRVOT|246,247,DIRVOT,39.0
search2|DITSEI|247,248,DITSEI,65.0
search2|DITSIM|248,249,DITSIM,67.0
search2|DITSOS|249,250,DITSOS,64.0
search2|DITSUY|250,251,DITSUY,66.0
search2|DOKLOE|251,252,DOKLOE,27.0
search2|DONKOG|252,253,DONKOG,29.0
search2|DONWOU|253,254,DONWOU,29.0
search2|DONWOU|254,255,DONWOU,29.0
search2|DONWUA|255,256,DONWUA,29.0
search2|DOVSOY|256,257,DOVSOY,29.0
search2|DOVSOY|257,258,DOVSOY,29.0
search2|DOVSUE|258,259,DOVSUE,29.0
search2|DOVSUE|259,260,DOVSUE,29.0
search2|DOYGON|260,261,DOYGON,29.0
search2|DOYGUT|261,262,DOYGUT,29.0
search2|DOYHAA|262,263,DOYHAA,29.0
search2|DOYSUF|263,264,DOYSUF,27.0
search2|DOYSUF|264,265,DOYSUF,27.0
search2|DOYSUF|265,266,DOYSUF,28.0
search2|DOYSUF|266,267,DOYSUF,28.0
search2|DOYTAM|267,268,DOYTAM,29.0
search2|DOYTAM|268,269,DOYTAM,28.0
search2|DOYTEQ|269,270,DOYTEQ,29.0
search2|DOYTEQ|270,271,DOYTEQ,29.0
search2|DOYTIU|271,272,DOYTIU,30.0
search2|DOYTIU|272,273,DOYTIU,29.0
search2|DOYTOA|273,274,DOYTOA,29.0
search2|DOYTOA|274,275,DOYTOA,46.0
search2|DUBQIA|275,276,DUBQIA,30.0
search2|DUBQIA|276,277,DUBQIA,30.0
search2|DUBQOG|277,278,DUBQOG,29.0
search2|DUBQOG|278,279,DUBQOG,29.0
search2|DUBQUM|279,280,DUBQUM,28.0
search2|DUBQUM|280,281,DUBQUM,28.0
search2|DUBWOP|281,282,DUBWOP,29.0
search2|EBIQUE|282,283,EBIQUE,29.0
search2|EBIQUE|283,284,EBIQUE,29.0
search2|ECUHIT|284,285,ECUHIT,29.0
search2|EDOJAJ|285,286,EDOJAJ,29.0
search2|EDOJAJ|286,287,EDOJAJ,29.0
search2|EFUJAS|287,288,EFUJAS,29.0
search2|EFUJAS|288,289,EFUJAS,30.0
search2|EFUJEW|289,290,EFUJEW,29.0
search2|EFUJEW|290,291,EFUJEW,25.0
search2|EGIMUC|291,292,EGIMUC,63.0
search2|EHEYAS|292,293,EHEYAS,29.0
search2|EJEWEW|293,294,EJEWEW,29.0
search2|EJEWEW|294,295,EJEWEW,29.0
search2|EJEWEW|295,296,EJEWEW,29.0
search2|EJEWEW|296,297,EJEWEW,29.0
search2|EJEWEW|297,298,EJEWEW,29.0
search2|EJEWEW|298,299,EJEWEW,29.0
search2|EJEWEW|299,300,EJEWEW,29.0
search2|EJEWEW|300,301,EJEWEW,29.0
search2|EKOJAS|301,302,EKOJAS,29.0
search2|EKOJEW|302,303,EKOJEW,29.0
search2|EKOJEW|303,304,EKOJEW,29.0
search2|EKUXIT|304,305,EKUXIT,30.0
search2|EKUXOZ|305,306,EKUXOZ,30.0
search2|EKUXUF|306,307,EKUXUF,30.0
search2|ELIMUK|307,308,ELIMUK,29.0
search2|ELINAR|308,309,ELINAR,29.0
search2|ENAFEF|309,310,ENAFEF,25.0
search2|ENAFEF|310,311,ENAFEF,29.0
search2|ENAFIJ|311,312,ENAFIJ,25.0
search2|ENAFIJ|312,313,ENAFIJ,29.0
search2|ENILOC|313,314,ENILOC,28.0
search2|ENILOC|314,315,ENILOC,27.0
search2|EQEREA|315,316,EQEREA,27.0
search2|EQEROK|316,317,EQEROK,27.0
search2|EQEROK|317,318,EQEROK,27.0
search2|EREQEX|318,319,EREQEX,27.0
search2|ERUZUP|319,320,ERUZUP,30.0
search2|ERUZUP|320,321,ERUZUP,30.0
search2|ESABAE|321,322,ESABAE,25.0
search2|ESAFIQ|322,323,ESAFIQ,29.0
search2|ESAFIQ|323,324,ESAFIQ,29.0
search2|ESAFIQ|324,325,ESAFIQ,29.0
search2|ESAFOW|325,326,ESAFOW,29.0
search2|ESAFOW|326,327,ESAFOW,29.0
search2|ESICAL|327,328,ESICAL,25.0
search2|ESICAL|328,329,ESICAL,25.0
search2|ESICAL|329,330,ESICAL,25.0
search2|ESICEP|330,331,ESICEP,25.0
search2|ESICEP|331,332,ESICEP,25.0
search2|ESICEP|332,333,ESICEP,25.0
search2|ESICEP|333,334,ESICEP,25.0
search2|ESICEP|334,335,ESICEP,25.0
search2|ESICEP|335,336,ESICEP,25.0
search2|ESICIT|336,337,ESICIT,25.0
search2|ESICIT|337,338,ESICIT,25.0
search2|ESICIT|338,339,ESICIT,25.0
search2|ESUCAZ|339,340,ESUCAZ,27.0
search2|ESUCAZ|340,341,ESUCAZ,27.0
search2|ETPSCP|341,342,ETPSCP,27.0
search2|ETPSCP|342,343,ETPSCP,27.0
search2|EVUKOV|343,344,EVUKOV,28.0
search2|EWOZAS|344,345,EWOZAS,29.0
search2|EWOZAS|345,346,EWOZAS,29.0
search2|EWOZEW|346,347,EWOZEW,29.0
search2|EWOZIA|347,348,EWOZIA,29.0
search2|EWOZIA|348,349,EWOZIA,29.0
search2|EWULUD|349,350,EWULUD,26.0
search2|FACBAO|350,351,FACBAO,28.0
search2|FAFZUK|351,352,FAFZUK,28.0
search2|FAGBAT|352,353,FAGBAT,28.0
search2|FAGRIR|353,354,FAGRIR,28.0
search2|FAGRIR|354,355,FAGRIR,28.0
search2|FAGROX|355,356,FAGROX,28.0
search2|FAGRUD|356,357,FAGRUD,28.0
search2|FAGRUD|357,358,FAGRUD,28.0
search2|FALQIW|358,359,FALQIW,29.0
search2|FALQOC|359,360,FALQOC,29.0
search2|FALQUI|360,361,FALQUI,29.0
search2|FALRAP|361,362,FALRAP,29.0
search2|FALRAP|362,363,FALRAP,29.0
search2|FALRET|363,364,FALRET,29.0
search2|FALRIX|364,365,FALRIX,29.0
search2|FALRIX|365,366,FALRIX,29.0
search2|FAMKAF|366,367,FAMKAF,29.0
search2|FAMKEJ|367,368,FAMKEJ,29.0
search2|FAVGEQ|368,369,FAVGEQ,29.0
search2|FAVGIU|369,370,FAVGIU,29.0
search2|FAWMEW|370,371,FAWMEW,48.0
search2|FAWMEW|371,372,FAWMEW,48.0
search2|FAWMEW|372,373,FAWMEW,48.0
search2|FAWMEW|373,374,FAWMEW,48.0
search2|FAWMIA|374,375,FAWMIA,48.0
search2|FAWMIA|375,376,FAWMIA,48.0
search2|FAXDIR|376,377,FAXDIR,29.0
search2|FEDYAQ|377,378,FEDYAQ,30.0
search2|FEDYAQ|378,379,FEDYAQ,30.0
search2|FEDYEU|379,380,FEDYEU,30.0
search2|FEFPAL|380,381,FEFPAL,29.0
search2|FEHTIX|381,382,FEHTIX,26.0
search2|FEHTIX01|382,383,FEHTIX01,26.0
search2|FEHYUP|383,384,FEHYUP,29.0
search2|FEHZAW|384,385,FEHZAW,29.0
search2|FEHZAW|385,386,FEHZAW,29.0
search2|FEHZEA|386,387,FEHZEA,29.0
search2|FERBEM|387,388,FERBEM,29.0
search2|FERBEM|388,389,FERBEM,29.0
search2|FESZOT|389,390,FESZOT,66.0
search2|FESZOT|390,391,FESZOT,66.0
search2|FEVTAC|391,392,FEVTAC,27.0
search2|FEVTAC|392,393,FEVTAC,27.0
search2|FEVTAC|393,394,FEVTAC,27.0
search2|FEVTEG|394,395,FEVTEG,29.0
search2|FEVTUW|395,396,FEVTUW,28.0
search2|FEVTUW|396,397,FEVTUW,28.0
search2|FEWGEV|397,398,FEWGEV,28.0
search2|FEWGEV|398,399,FEWGEV,28.0
search2|FEYDIX|399,400,FEYDIX,30.0
search2|FEYDIX|400,401,FEYDIX,30.0
search2|FEYDOD|401,402,FEYDOD,30.0
search2|FEYDOD|402,403,FEYDOD,30.0
search2|FIDFUU|403,404,FIDFUU,30.0
search2|FIDFUU|404,405,FIDFUU,30.0
search2|FIFWEW|405,406,FIFWEW,29.0
search2|FIFWIA|406,407,FIFWIA,29.0
search2|FIGRIY|407,408,FIGRIY,29.0
search2|FIGROE|408,409,FIGROE,29.0
search2|FIGRUK|409,410,FIGRUK,29.0
search2|FIGSAR|410,411,FIGSAR,29.0
search2|FINLOD|411,412,FINLOD,29.0
search2|FISKUQ|412,413,FISKUQ,29.0
search2|FISKUQ|413,414,FISKUQ,29.0
search2|FISKUQ|414,415,FISKUQ,29.0
search2|FISKUQ|415,416,FISKUQ,29.0
search2|FISVIP|416,417,FISVIP,60.0
search2|FISVIP|417,418,FISVIP,3.0
search2|FISVIP|418,419,FISVIP,3.0
search2|FISWIQ|419,420,FISWIQ,29.0
search2|FOCFOV|420,421,FOCFOV,30.0
search2|FOCGOV|421,422,FOCGOV,29.0
search2|FOCGOV|422,423,FOCGOV,29.0
search2|FOCGUB|423,424,FOCGUB,29.0
search2|FOCHAI|424,425,FOCHAI,29.0
search2|FOCHAI|425,426,FOCHAI,29.0
search2|FOCHEM|426,427,FOCHEM,29.0
search2|FOCHEM|427,428,FOCHEM,29.0
search2|FOJWOQ|428,429,FOJWOQ,90.0
search2|FOQDEU|429,430,FOQDEU,27.0
search2|FOQDEU|430,431,FOQDEU,27.0
search2|FOQDIY|431,432,FOQDIY,27.0
search2|FOSCEV|432,433,FOSCEV,25.0
search2|FOSCEV|433,434,FOSCEV,25.0
search2|FOSCEV10|434,435,FOSCEV10,25.0
search2|FOSCEV10|435,436,FOSCEV10,25.0
search2|FOSSAI|436,437,FOSSAI,30.0
search2|FOSSEM|437,438,FOSSEM,30.0
search2|FOYFIJ|438,439,FOYFIJ,29.0
search2|FUHPIH|439,440,FUHPIH,28.0
search2|FUHPIH10|440,441,FUHPIH10,28.0
search2|FUNDAV|441,442,FUNDAV,65.0
search2|FUNDEZ|442,443,FUNDEZ,66.0
search2|FUNDID|443,444,FUNDID,67.0
search2|FUNDOJ|444,445,FUNDOJ,69.0
search2|FUNDUP|445,446,FUNDUP,70.0
search2|FUNFAX|446,447,FUNFAX,68.0
search2|FUSXEX|447,448,FUSXEX,29.0
search2|FUSXIB|448,449,FUSXIB,29.0
search2|FUVCIL|449,450,FUVCIL,25.0
search2|FUVCIL|450,451,FUVCIL,29.0
search2|FUVCIL|451,452,FUVCIL,25.0
search2|FUVCIL|452,453,FUVCIL,29.0
search2|FUVCIL|453,454,FUVCIL,29.0
search2|FUVCIL|454,455,FUVCIL,25.0
search2|GABPIL|455,456,GABPIL,28.0
search2|GABPIL|456,457,GABPIL,28.0
search2|GABPIL|457,458,GABPIL,28.0
search2|GABPIL|458,459,GABPIL,28.0
search2|GACNUT|459,460,GACNUT,29.0
search2|GADRAE|460,461,GADRAE,29.0
search2|GADWOX|461,462,GADWOX,29.0
search2|GADXOY|462,463,GADXOY,29.0
search2|GADXOY|463,464,GADXOY,29.0
search2|GAGYUL|464,465,GAGYUL,27.0
search2|GAGYUL|465,466,GAGYUL,27.0
search2|GAGZAS|466,467,GAGZAS,27.0
search2|GAGZAS|467,468,GAGZAS,27.0
search2|GALRIV|468,469,GALRIV,29.0
search2|GALROB|469,470,GALROB,29.0
search2|GALROB01|470,471,GALROB01,29.0
search2|GALVAQ|471,472,GALVAQ,29.0
search2|GARWIH|472,473,GARWIH,30.0
search2|GARWIH|473,474,GARWIH,30.0
search2|GEPDOU|474,475,GEPDOU,25.0
search2|GETYOT|475,476,GETYOT,29.0
search2|GICPOA|476,477,GICPOA,30.0
search2|GIGREW|477,478,GIGREW,29.0
search2|GIGREW|478,479,GIGREW,29.0
search2|GIKKOA|479,480,GIKKOA,25.0
search2|GIKKOA|480,481,GIKKOA,25.0
search2|GIKKOA01|481,482,GIKKOA01,25.0
search2|GIKKOA01|482,483,GIKKOA01,25.0
search2|GIKXUX|483,484,GIKXUX,29.0
search2|GIKXUX|484,485,GIKXUX,29.0
search2|GIKYAE|485,486,GIKYAE,29.0
search2|GIKYAE|486,487,GIKYAE,29.0
search2|GIMBUC|487,488,GIMBUC,28.0
search2|GIMBUC|488,489,GIMBUC,28.0
search2|GIMCAJ|489,490,GIMCAJ,28.0
search2|GIMCAJ|490,491,GIMCAJ,28.0
search2|GIQYOY|491,492,GIQYOY,30.0
search2|GIQYUE|492,493,GIQYUE,30.0
search2|GIQZAL|493,494,GIQZAL,30.0
search2|GIQZAL|494,495,GIQZAL,30.0
search2|GIQZEP|495,496,GIQZEP,30.0
search2|GIQZOZ|496,497,GIQZOZ,30.0
search2|GIQZUF|497,498,GIQZUF,30.0
search2|GIRKOH|498,499,GIRKOH,25.0
search2|GIRKOH|499,500,GIRKOH,25.0
search2|GIRKOH|500,501,GIRKOH,25.0
search2|GIRKOH|501,502,GIRKOH,25.0
search2|GIRKOH|502,503,GIRKOH,25.0
search2|GIRKOH|503,504,GIRKOH,25.0
search2|GIRPIG|504,505,GIRPIG,30.0
search2|GIRPIG|505,506,GIRPIG,30.0
search2|GIRQAZ|506,507,GIRQAZ,29.0
search2|GIRQAZ|507,508,GIRQAZ,29.0
search2|GISMAX|508,509,GISMAX,29.0
search2|GISMAX|509,510,GISMAX,29.0
search2|GIWYEQ|510,511,GIWYEQ,28.0
search2|GIWYEQ|511,512,GIWYEQ,29.0
search2|GOMHIB|512,513,GOMHIB,29.0
search2|GOMHOH|513,514,GOMHOH,30.0
search2|GONYIR|514,515,GONYIR,28.0
search2|GONYOX|515,516,GONYOX,27.0
search2|GONYUD|516,517,GONYUD,29.0
search2|GOWDUR|517,518,GOWDUR,27.0
search2|GOWFAZ|518,519,GOWFAZ,27.0
search2|GUCKOF|519,520,GUCKOF,29.0
search2|GUCLAS|520,521,GUCLAS,29.0
search2|GUNRAI|521,522,GUNRAI,29.0
search2|GUNRAI|522,523,GUNRAI,29.0
search2|GUNRAI|523,524,GUNRAI,29.0
search2|GUNRAI|524,525,GUNRAI,29.0
search2|GUNREM|525,526,GUNREM,29.0
search2|GUNREM|526,527,GUNREM,29.0
search2|GUQSIV|527,528,GUQSIV,29.0
search2|GUQSOB|528,529,GUQSOB,29.0
search2|HAGKUY|529,530,HAGKUY,29.0
search2|HAGLAF|530,531,HAGLAF,29.0
search2|HAGLEJ|531,532,HAGLEJ,29.0
search2|HAGLEJ|532,533,HAGLEJ,29.0
search2|HAGLEJ|533,534,HAGLEJ,29.0
search2|HAGLEJ|534,535,HAGLEJ,29.0
search2|HAKPER|535,536,HAKPER,28.0
search2|HALCIJ|536,537,HALCIJ,28.0
search2|HALCOP|537,538,HALCOP,28.0
search2|HALCUV|538,539,HALCUV,28.0
search2|HALCUV|539,540,HALCUV,28.0
search2|HAYBES|540,541,HAYBES,29.0
search2|HEHDEF|541,542,HEHDEF,29.0
search2|HEHDEF|542,543,HEHDEF,29.0
search2|HEHDIJ|543,544,HEHDIJ,29.0
search2|HEHDIJ|544,545,HEHDIJ,29.0
search2|HELNER|545,546,HELNER,25.0
search2|HELNER|546,547,HELNER,25.0
search2|HERDAJ|547,548,HERDAJ,29.0
search2|HERDAJ01|548,549,HERDAJ01,29.0
search2|HETPUS|549,550,HETPUS,29.0
search2|HETZEM|550,551,HETZEM,82.0
search2|HETZEM|551,552,HETZEM,29.0
search2|HETZIQ|552,553,HETZIQ,29.0
search2|HETZIQ|553,554,HETZIQ,25.0
search2|HETZIQ|554,555,HETZIQ,29.0
search2|HETZIQ|555,556,HETZIQ,25.0
search2|HEWBES|556,557,HEWBES,28.0
search2|HEWBIW|557,558,HEWBIW,28.0
search2|HIMSUT|558,559,HIMSUT,48.0
search2|HIQJAU|559,560,HIQJAU,29.0
search2|HIQJEY|560,561,HIQJEY,29.0
search2|HISTOT|561,562,HISTOT,27.0
search2|HIWLII|562,563,HIWLII,57.0
search2|HIWLII|563,564,HIWLII,28.0
search2|HIYNAF|564,565,HIYNAF,29.0
search2|HIYNEJ|565,566,HIYNEJ,29.0
search2|HOCSAU|566,567,HOCSAU,25.0
search2|HOCSEY|567,568,HOCSEY,30.0
search2|HOPZER|568,569,HOPZER,71.0
search2|HOPZER|569,570,HOPZER,71.0
search2|HOSBIA|570,571,HOSBIA,27.0
search2|HOSBIA|571,572,HOSBIA,27.0
search2|HUGGEV|572,573,HUGGEV,48.0
search2|HUGGEV|573,574,HUGGEV,48.0
search2|HUVFEJ|574,575,HUVFEJ,29.0
search2|HUVFEJ|575,576,HUVFEJ,29.0
search2|HUVFEJ|576,577,HUVFEJ,29.0
search2|ICIMEP|577,578,ICIMEP,28.0
search2|ICIMIT|578,579,ICIMIT,28.0
search2|ICOKUJ|579,580,ICOKUJ,28.0
search2|ICOLAQ|580,581,ICOLAQ,28.0
search2|IDETIX|581,582,IDETIX,29.0
search2|IDETOD|582,583,IDETOD,29.0
search2|IDETOD|583,584,IDETOD,29.0
search2|IDETUJ|584,585,IDETUJ,29.0
search2|IDOWUT|585,586,IDOWUT,29.0
search2|IDOWUT|586,587,IDOWUT,29.0
search2|IDOXAA|587,588,IDOXAA,29.0
search2|IDUTIM|588,589,IDUTIM,29.0
search2|IGECUS|589,590,IGECUS,25.0
search2|IGECUS|590,591,IGECUS,25.0
search2|IGIDOS|591,592,IGIDOS,27.0
search2|IGIDUY|592,593,IGIDUY,27.0
search2|IGIFAG|593,594,IGIFAG,27.0
search2|IGIFAG|594,595,IGIFAG,27.0
search2|IGIFEK|595,596,IGIFEK,27.0
search2|IGIFIO|596,597,IGIFIO,27.0
search2|IGIFOU|597,598,IGIFOU,28.0
search2|IGIFUA|598,599,IGIFUA,28.0
search2|IGIGAH|599,600,IGIGAH,28.0
search2|IGIGAH|600,601,IGIGAH,28.0
search2|IGUDUK|601,602,IGUDUK,30.0
search2|IGUDUK|602,603,IGUDUK,30.0
search2|IKAQAO|603,604,IKAQAO,66.0
search2|IKAQAO|604,605,IKAQAO,66.0
search2|IKAQAO|605,606,IKAQAO,66.0
search2|IKAQAO|606,607,IKAQAO,66.0
search2|IKAQES|607,608,IKAQES,68.0
search2|IKAQES|608,609,IKAQES,68.0
search2|IKAQES|609,610,IKAQES,68.0
search2|IKAQES|610,611,IKAQES,68.0
search2|IKESUP|611,612,IKESUP,29.0
search2|IMOHCU|612,613,IMOHCU,29.0
search2|IMOLFE|613,614,IMOLFE,26.0
search2|INEZIL|614,615,INEZIL,28.0
search2|INEZIL|615,616,INEZIL,28.0
search2|INEZOR|616,617,INEZOR,28.0
search2|INEZOR|617,618,INEZOR,28.0
search2|IQIJIE|618,619,IQIJIE,30.0
search2|IQIKIF|619,620,IQIKIF,30.0
search2|IREYAG|620,621,IREYAG,30.0
search2|IREYAG|621,622,IREYAG,30.0
search2|IREYEK|622,623,IREYEK,30.0
search2|IREYEK|623,624,IREYEK,30.0
search2|IREYIO|624,625,IREYIO,30.0
search2|IROQUD|625,626,IROQUD,63.0
search2|IROQUD|626,627,IROQUD,27.0
search2|ITOJUY|627,628,ITOJUY,27.0
search2|ITOKAF|628,629,ITOKAF,30.0
search2|ITOKAF|629,630,ITOKAF,30.0
search2|ITOKAF|630,631,ITOKAF,30.0
search2|ITOKAF|631,632,ITOKAF,30.0
search2|ITOWUL|632,633,ITOWUL,30.0
search2|IZAXOX|633,634,IZAXOX,29.0
search2|IZAXOX|634,635,IZAXOX,29.0
search2|JAFQEP|635,636,JAFQEP,66.0
search2|JAMVIC|636,637,JAMVIC,30.0
search2|JAMVIC|637,638,JAMVIC,30.0
search2|JAQMIX|638,639,JAQMIX,28.0
search2|JARDAH|639,640,JARDAH,29.0
search2|JARDAH|640,641,JARDAH,29.0
search2|JARDAH10|641,642,JARDAH10,29.0
search2|JARDAH10|642,643,JARDAH10,29.0
search2|JAVTOP|643,644,JAVTOP,29.0
search2|JAVTOP|644,645,JAVTOP,29.0
search2|JAVTOP01|645,646,JAVTOP01,29.0
search2|JAVTOP01|646,647,JAVTOP01,29.0
search2|JAVTUV|647,648,JAVTUV,29.0
search2|JAWFAO|648,649,JAWFAO,26.0
search2|JAXFOD|649,650,JAXFOD,29.0
search2|JAXFOD01|650,651,JAXFOD01,29.0
search2|JEKFEL|651,652,JEKFEL,29.0
search2|JESBUF|652,653,JESBUF,45.0
search2|JESBUF|653,654,JESBUF,46.0
search2|JEVXOX|654,655,JEVXOX,28.0
search2|JIJCUA|655,656,JIJCUA,82.0
search2|JOFMAV|656,657,JOFMAV,30.0
search2|JOFMEW|657,658,JOFMEW,27.0
search2|JOFMEW|658,659,JOFMEW,27.0
search2|JOGPIF|659,660,JOGPIF,29.0
search2|JOGQAY|660,661,JOGQAY,29.0
search2|JOGQEC|661,662,JOGQEC,29.0
search2|JOGQEC|662,663,JOGQEC,29.0
search2|JOMHAW|663,664,JOMHAW,29.0
search2|JOMHIE|664,665,JOMHIE,29.0
search2|JOMHOK|665,666,JOMHOK,29.0
search2|JOMKED|666,667,JOMKED,29.0
search2|JOMKIH|667,668,JOMKIH,29.0
search2|JOVXUQ|668,669,JOVXUQ,30.0
search2|JOVYAX|669,670,JOVYAX,30.0
search2|JOZMOA|670,671,JOZMOA,29.0
search2|JUJQEK|671,672,JUJQEK,30.0
search2|JUJQIO|672,673,JUJQIO,30.0
search2|JUJQIO|673,674,JUJQIO,82.0
search2|JUJQOU|674,675,JUJQOU,30.0
search2|JUKWET|675,676,JUKWET,29.0
search2|JUKWIX|676,677,JUKWIX,29.0
search2|JUMYEX|677,678,JUMYEX,28.0
search2|JUQTIB|678,679,JUQTIB,28.0
search2|JUQTIB|679,680,JUQTIB,28.0
search2|JUQTOH|680,681,JUQTOH,28.0
search2|JUQTOH|681,682,JUQTOH,28.0
search2|JUQTOH|682,683,JUQTOH,28.0
search2|JURMER|683,684,JURMER,25.0
search2|JUYSIH|684,685,JUYSIH,25.0
search2|JUYSIH|685,686,JUYSIH,25.0
search2|JUZBUE|686,687,JUZBUE,30.0
search2|KABZEU|687,688,KABZEU,28.0
search2|KAGPAK|688,689,KAGPAK,28.0
search2|KAHVAQ|689,690,KAHVAQ,29.0
search2|KAHVAQ|690,691,KAHVAQ,28.0
search2|KAJFEG|691,692,KAJFEG,28.0
search2|KAJFEG|692,693,KAJFEG,29.0
search2|KALJAJ|693,694,KALJAJ,29.0
search2|KALJAJ|694,695,KALJAJ,48.0
search2|KALJEN|695,696,KALJEN,29.0
search2|KALJEN|696,697,KALJEN,30.0
search2|KALWEC|697,698,KALWEC,30.0
search2|KALWIG|698,699,KALWIG,48.0
search2|KALWOM|699,700,KALWOM,80.0
search2|KALWOM|700,701,KALWOM,80.0
search2|KAMLOB|701,702,KAMLOB,28.0
search2|KAMLUH|702,703,KAMLUH,28.0
search2|KAMMES|703,704,KAMMES,28.0
search2|KAMMIW|704,705,KAMMIW,28.0
search2|KAMMIW|705,706,KAMMIW,28.0
search2|KAMSAU|706,707,KAMSAU,28.0
search2|KATQAX|707,708,KATQAX,30.0
search2|KATQEB|708,709,KATQEB,30.0
search2|KAXKED|709,710,KAXKED,30.0
search2|KAXKED|710,711,KAXKED,30.0
search2|KAXQIJ|711,712,KAXQIJ,27.0
search2|KAXQUV|712,713,KAXQUV,25.0
search2|KAXQUV|713,714,KAXQUV,25.0
search2|KAXROQ|714,715,KAXROQ,27.0
search2|KAXROQ|715,716,KAXROQ,27.0
search2|KAXTEI|716,717,KAXTEI,27.0
search2|KAXTEI|717,718,KAXTEI,27.0
search2|KAXTIQ|718,719,KAXTIQ,30.0
search2|KAXTIQ|719,720,KAXTIQ,30.0
search2|KAXTOW|720,721,KAXTOW,30.0
search2|KAYPOP|721,722,KAYPOP,66.0
search2|KECHOP|722,723,KECHOP,29.0
search2|KEGRAP|723,724,KEGRAP,29.0
search2|KEGRAP|724,725,KEGRAP,29.0
search2|KEGRAP|725,726,KEGRAP,29.0
search2|KEQRII|726,727,KEQRII,28.0
search2|KERLUQ|727,728,KERLUQ,82.0
search2|KERLUQ|728,729,KERLUQ,29.0
search2|KERMAX|729,730,KERMAX,82.0
search2|KERMAX|730,731,KERMAX,29.0
search2|KERMEB|731,732,KERMEB,29.0
search2|KERMIF|732,733,KERMIF,29.0
search2|KERMIF|733,734,KERMIF,29.0
search2|KERMIF|734,735,KERMIF,29.0
search2|KEXGID|735,736,KEXGID,25.0
search2|KEXGOJ|736,737,KEXGOJ,28.0
search2|KEYNEI|737,738,KEYNEI,25.0
search2|KEYNEI|738,739,KEYNEI,29.0
search2|KEZLUW|739,740,KEZLUW,29.0
search2|KEZMAD|740,741,KEZMAD,29.0
search2|KICVAU|741,742,KICVAU,30.0
search2|KICVAU|742,743,KICVAU,30.0
search2|KISNAD|743,744,KISNAD,29.0
search2|KISNAD|744,745,KISNAD,29.0
search2|KISNAD|745,746,KISNAD,29.0
search2|KONGID|746,747,KONGID,29.0
search2|KORVUL|747,748,KORVUL,28.0
search2|KORVUL|748,749,KORVUL,28.0
search2|KOWFOT|749,750,KOWFOT,63.0
search2|KOWFOT|750,751,KOWFOT,63.0
search2|KOWFOT|751,752,KOWFOT,63.0
search2|KUCNEB|752,753,KUCNEB,29.0
search2|KUCNEB|753,754,KUCNEB,29.0
search2|KUCNEB|754,755,KUCNEB,29.0
search2|KUCNEB10|755,756,KUCNEB10,29.0
search2|KUCNEB10|756,757,KUCNEB10,29.0
search2|KUCNEB10|757,758,KUCNEB10,29.0
search2|KUJMAE|758,759,KUJMAE,46.0
search2|KUJMAE|759,760,KUJMAE,46.0
search2|KUJMEI|760,761,KUJMEI,46.0
search2|KUJMOS|761,762,KUJMOS,46.0
search2|KUKPOY|762,763,KUKPOY,27.0
search2|KUKPUE|763,764,KUKPUE,29.0
search2|KUMBUP|764,765,KUMBUP,28.0
search2|KUMCAW|765,766,KUMCAW,28.0
search2|KUMCAW|766,767,KUMCAW,28.0
search2|KUTNOC|767,768,KUTNOC,29.0
search2|KUTNOC|768,769,KUTNOC,29.0
search2|LADMIM|769,770,LADMIM,46.0
search2|LAJTIZ|770,771,LAJTIZ,29.0
search2|LALDUY|771,772,LALDUY,28.0
search2|LALFAG|772,773,LALFAG,28.0
search2|LAQHAM|773,774,LAQHAM,48.0
search2|LAQHAM|774,775,LAQHAM,48.0
search2|LAWXUF|775,776,LAWXUF,28.0
search2|LAWYAM|776,777,LAWYAM,28.0
search2|LAWYAM|777,778,LAWYAM,28.0
search2|LAXXAL|778,779,LAXXAL,48.0
search2|LAXXEP|779,780,LAXXEP,48.0
search2|LECWOJ|780,781,LECWOJ,29.0
search2|LECWUP|781,782,LECWUP,29.0
search2|LECWUP|782,783,LECWUP,29.0
search2|LECYAT|783,784,LECYAT,29.0
search2|LEGTOK|784,785,LEGTOK,29.0
search2|LEGTOK|785,786,LEGTOK,29.0
search2|LEHGIQ|786,787,LEHGIQ,29.0
search2|LEXNIN|787,788,LEXNIN,29.0
search2|LIBNUG|788,789,LIBNUG,29.0
search2|LIBNUG|789,790,LIBNUG,29.0
search2|LIBPAO|790,791,LIBPAO,29.0
search2|LICBOO|791,792,LICBOO,29.0
search2|LIGDAI|792,793,LIGDAI,30.0
search2|LIJMUM|793,794,LIJMUM,48.0
search2|LILPII|794,795,LILPII,27.0
search2|LILPII|795,796,LILPII,27.0
search2|LILPOO|796,797,LILPOO,27.0
search2|LILPOO|797,798,LILPOO,27.0
search2|LIMPED|798,799,LIMPED,27.0
search2|LIQWUF|799,800,LIQWUF,28.0
search2|LISGEC|800,801,LISGEC,29.0
search2|LISGEC|801,802,LISGEC,29.0
search2|LIYNEP|802,803,LIYNEP,29.0
search2|LOBMOE|803,804,LOBMOE,25.0
search2|LOBMOE|804,805,LOBMOE,25.0
search2|LOMVOZ|805,806,LOMVOZ,26.0
search2|LOMVOZ|806,807,LOMVOZ,26.0
search2|LOQMUA|807,808,LOQMUA,30.0
search2|LOQMUA|808,809,LOQMUA,30.0
search2|LOQNEL|809,810,LOQNEL,30.0
search2|LORBAX|810,811,LORBAX,66.0
search2|LORBAX|811,812,LORBAX,66.0
search2|LOWSIZ|812,813,LOWSIZ,39.0
search2|LOXBUX|813,814,LOXBUX,28.0
search2|LOXCAE|814,815,LOXCAE,26.0
search2|LOXCAE|815,816,LOXCAE,28.0
search2|LOXCEI|816,817,LOXCEI,26.0
search2|LOXCEI|817,818,LOXCEI,28.0
search2|LOXCIM|818,819,LOXCIM,26.0
search2|LOXCIM|819,820,LOXCIM,28.0
search2|LOXSIC|820,821,LOXSIC,26.0
search2|LOXSIC|821,822,LOXSIC,28.0
search2|LUKDUS|822,823,LUKDUS,29.0
search2|LUKFAA|823,824,LUKFAA,29.0
search2|LUNCOO|824,825,LUNCOO,25.0
search2|MAKSAU|825,826,MAKSAU,29.0
search2|MAKSEY|826,827,MAKSEY,29.0
search2|MAKSEY|827,828,MAKSEY,29.0
search2|MANWAD|828,829,MANWAD,30.0
search2|MANWEH|829,830,MANWEH,29.0
search2|MANWEH|830,831,MANWEH,29.0
search2|MAPHAO|831,832,MAPHAO,30.0
search2|MAZLOO|832,833,MAZLOO,30.0
search2|MAZLOO|833,834,MAZLOO,30.0
search2|MEMCUC|834,835,MEMCUC,25.0
search2|MEMCUC|835,836,MEMCUC,25.0
search2|MEMDAJ|836,837,MEMDAJ,48.0
search2|MEWFOJ|837,838,MEWFOJ,26.0
search2|MEWFOJ|838,839,MEWFOJ,26.0
search2|MEWFOJ|839,840,MEWFOJ,26.0
search2|MIBYEF|840,841,MIBYEF,27.0
search2|MIBYEF|841,842,MIBYEF,27.0
search2|MIBYIJ|842,843,MIBYIJ,27.0
search2|MIDKEP|843,844,MIDKEP,30.0
search2|MIDKIT|844,845,MIDKIT,30.0
search2|MIGYUZ|845,846,MIGYUZ,29.0
search2|MIKQIJ|846,847,MIKQIJ,27.0
search2|MIKQIJ|847,848,MIKQIJ,46.0
search2|MIKQOP|848,849,MIKQOP,29.0
search2|MIKQOP|849,850,MIKQOP,46.0
search2|MIKXOU|850,851,MIKXOU,29.0
search2|MIKXOU01|851,852,MIKXOU01,29.0
search2|MIMSUZ|852,853,MIMSUZ,30.0
search2|MIMSUZ|853,854,MIMSUZ,30.0
search2|MISPUB|854,855,MISPUB,28.0
search2|MISVUH|855,856,MISVUH,28.0
search2|MISWAO|856,857,MISWAO,28.0
search2|MISWES|857,858,MISWES,28.0
search2|MISWOC|858,859,MISWOC,28.0
search2|MISWUI|859,860,MISWUI,28.0
search2|MISXAP|860,861,MISXAP,28.0
search2|MONLOQ|861,862,MONLOQ,82.0
search2|MONLOQ|862,863,MONLOQ,82.0
search2|MORDAZ|863,864,MORDAZ,29.0
search2|MOVDIK|864,865,MOVDIK,25.0
search2|MOVDIK|865,866,MOVDIK,25.0
search2|MOVDOQ|866,867,MOVDOQ,30.0
search2|MOWQUL|867,868,MOWQUL,28.0
search2|MOXJIS|868,869,MOXJIS,48.0
search2|MOXJIS|869,870,MOXJIS,48.0
search2|MUHLIM|870,871,MUHLIM,28.0
search2|MUHLIM|871,872,MUHLIM,28.0
search2|MUHLIM|872,873,MUHLIM,28.0
search2|MUHROX|873,874,MUHROX,29.0
search2|MUKFON|874,875,MUKFON,29.0
search2|MUZLIC|875,876,MUZLIC,28.0
search2|MUZLOI|876,877,MUZLOI,28.0
search2|MUZLOI|877,878,MUZLOI,28.0
search2|MUZLOI|878,879,MUZLOI,28.0
search2|MUZLOI|879,880,MUZLOI,28.0
search2|MUZLUO|880,881,MUZLUO,29.0
search2|MUZLUO|881,882,MUZLUO,29.0
search2|MUZVOS|882,883,MUZVOS,30.0
search2|MUZVOS|883,884,MUZVOS,30.0
search2|MUZVOS|884,885,MUZVOS,30.0
search2|MUZVOS|885,886,MUZVOS,30.0
search2|MUZVOS|886,887,MUZVOS,30.0
search2|MUZVOS|887,888,MUZVOS,30.0
search2|MUZVOS|888,889,MUZVOS,30.0
search2|MUZVOS|889,890,MUZVOS,30.0
search2|MUZVUY|890,891,MUZVUY,30.0
search2|MUZVUY|891,892,MUZVUY,30.0
search2|MUZVUY|892,893,MUZVUY,30.0
search2|MUZVUY|893,894,MUZVUY,30.0
search2|MUZWAF|894,895,MUZWAF,30.0
search2|MUZWAF|895,896,MUZWAF,30.0
search2|NACWEV|896,897,NACWEV,30.0
search2|NACWIZ|897,898,NACWIZ,30.0
search2|NAGZEB|898,899,NAGZEB,30.0
search2|NAGZIF|899,900,NAGZIF,30.0
search2|NANQIF|900,901,NANQIF,30.0
search2|NAWTEO|901,902,NAWTEO,30.0
search2|NAWTEO|902,903,NAWTEO,30.0
search2|NAWTEO|903,904,NAWTEO,30.0
search2|NAWTIS|904,905,NAWTIS,27.0
search2|NAWTIS|905,906,NAWTIS,27.0
search2|NAWTIS|906,907,NAWTIS,27.0
search2|NAWTIS|907,908,NAWTIS,27.0
search2|NEJMAR|908,909,NEJMAR,28.0
search2|NEJMAR|909,910,NEJMAR,28.0
search2|NEKWOR|910,911,NEKWOR,29.0
search2|NEKWUX|911,912,NEKWUX,29.0
search2|NEKXAE|912,913,NEKXAE,29.0
search2|NEKXAG|913,914,NEKXAG,30.0
search2|NEKXEI|914,915,NEKXEI,29.0
search2|NEKXIM|915,916,NEKXIM,29.0
search2|NEKXOS|916,917,NEKXOS,29.0
search2|NEKXUY|917,918,NEKXUY,29.0
search2|NEKYAF|918,919,NEKYAF,29.0
search2|NEKYEJ|919,920,NEKYEJ,29.0
search2|NESZIX|920,921,NESZIX,29.0
search2|NEWKUY|921,922,NEWKUY,25.0
search2|NEWLAF|922,923,NEWLAF,25.0
search2|NEWLEJ|923,924,NEWLEJ,27.0
search2|NEWLOT|924,925,NEWLOT,27.0
search2|NICPUK|925,926,NICPUK,27.0
search2|NICPUK|926,927,NICPUK,29.0
search2|NIGBAI|927,928,NIGBAI,29.0
search2|NIGBAI|928,929,NIGBAI,29.0
search2|NIGBEM|929,930,NIGBEM,29.0
search2|NIGXIO|930,931,NIGXIO,71.0
search2|NIGXIO|931,932,NIGXIO,30.0
search2|NIGXOU|932,933,NIGXOU,30.0
search2|NIGXOU|933,934,NIGXOU,71.0
search2|NIGXOU|934,935,NIGXOU,30.0
search2|NIGXUA|935,936,NIGXUA,66.0
search2|NIGXUA|936,937,NIGXUA,27.0
search2|NIGYAH|937,938,NIGYAH,71.0
search2|NIGYAH|938,939,NIGYAH,71.0
search2|NIGYAH|939,940,NIGYAH,30.0
search2|NIHRAY|940,941,NIHRAY,26.0
search2|NIHRAY|941,942,NIHRAY,26.0
search2|NIHRAY|942,943,NIHRAY,26.0
search2|NIHRAY|943,944,NIHRAY,26.0
search2|NIHREC|944,945,NIHREC,26.0
search2|NIHREC|945,946,NIHREC,26.0
search2|NIHREC|946,947,NIHREC,26.0
search2|NIHREC|947,948,NIHREC,26.0
search2|NIHREC|948,949,NIHREC,26.0
search2|NIHREC|949,950,NIHREC,26.0
search2|NIHRIG|950,951,NIHRIG,26.0
search2|NIHRIG|951,952,NIHRIG,26.0
search2|NIKFOC|952,953,NIKFOC,27.0
search2|NIKFUI|953,954,NIKFUI,27.0
search2|NIKGAP|954,955,NIKGAP,27.0
search2|NIKGET|955,956,NIKGET,27.0
search2|NIKGIX|956,957,NIKGIX,27.0
search2|NIKGOD|957,958,NIKGOD,27.0
search2|NILDAO|958,959,NILDAO,30.0
search2|NILYOA|959,960,NILYOA,28.0
search2|NILYOA|960,961,NILYOA,28.0
search2|NILYUG|961,962,NILYUG,30.0
search2|NILYUG|962,963,NILYUG,30.0
search2|NINHEY|963,964,NINHEY,29.0
search2|NINHEY|964,965,NINHEY,30.0
search2|NIPQUC|965,966,NIPQUC,48.0
search2|NIXHIO|966,967,NIXHIO,30.0
search2|NIZGAE01|967,968,NIZGAE01,48.0
search2|NIZGAE01|968,969,NIZGAE01,48.0
search2|NOBNOH|969,970,NOBNOH,28.0
search2|NOCBIT|970,971,NOCBIT,28.0
search2|NOCCAM|971,972,NOCCAM,28.0
search2|NOCCAM|972,973,NOCCAM,28.0
search2|NODNAX|973,974,NODNAX,29.0
search2|NOHPIJ|974,975,NOHPIJ,48.0
search2|NOJLUU|975,976,NOJLUU,28.0
search2|NOMTOZ|976,977,NOMTOZ,25.0
search2|NUMQAO|977,978,NUMQAO,29.0
search2|NUVDOA|978,979,NUVDOA,29.0
search2|NUVGOA|979,980,NUVGOA,28.0
search2|OBIHEQ|980,981,OBIHEQ,66.0
search2|OBIHIU|981,982,OBIHIU,65.0
search2|OBIHOA|982,983,OBIHOA,64.0
search2|OBIHUG|983,984,OBIHUG,66.0
search2|OBIJAO|984,985,OBIJAO,65.0
search2|OBIJES|985,986,OBIJES,64.0
search2|OBUXOC|986,987,OBUXOC,29.0
search2|OBUXUI|987,988,OBUXUI,29.0
search2|OBUYAP|988,989,OBUYAP,29.0
search2|OFOPOP|989,990,OFOPOP,30.0
search2|OFOPOP|990,991,OFOPOP,30.0
search2|OGELIV|991,992,OGELIV,63.0
search2|OHIYOU|992,993,OHIYOU,29.0
search2|OJISOQ|993,994,OJISOQ,27.0
search2|OJISOQ|994,995,OJISOQ,27.0
search2|OJISOQ|995,996,OJISOQ,27.0
search2|OJISOQ|996,997,OJISOQ,27.0
search2|OJISOQ|997,998,OJISOQ,27.0
search2|OKUJUB|998,999,OKUJUB,30.0
search2|OKUJUB|999,1000,OKUJUB,30.0
search2|OKUJUB|1000,1001,OKUJUB,30.0
search2|OKUKAI|1001,1002,OKUKAI,27.0
search2|OKUKAI|1002,1003,OKUKAI,27.0
search2|OKUKAI|1003,1004,OKUKAI,27.0
search2|OKUKEM|1004,1005,OKUKEM,27.0
search2|OKUKEM|1005,1006,OKUKEM,27.0
search2|OKUKEM|1006,1007,OKUKEM,27.0
search2|OKUKOW|1007,1008,OKUKOW,30.0
search2|OKUKOW|1008,1009,OKUKOW,30.0
search2|OKUKUC|1009,1010,OKUKUC,27.0
search2|OKUKUC|1010,1011,OKUKUC,27.0
search2|OKUKUC|1011,1012,OKUKUC,27.0
search2|OKUKUC|1012,1013,OKUKUC,27.0
search2|OKUKUC01|1013,1014,OKUKUC01,27.0
search2|ONATEE|1014,1015,ONATEE,66.0
search2|ONATEE|1015,1016,ONATEE,66.0
search2|ONATEE|1016,1017,ONATEE,66.0
search2|ONATII|1017,1018,ONATII,69.0
search2|ONATOO|1018,1019,ONATOO,66.0
search2|ONATOO|1019,1020,ONATOO,66.0
search2|ONATOO|1020,1021,ONATOO,66.0
search2|ONATUU|1021,1022,ONATUU,67.0
search2|ONAVAC|1022,1023,ONAVAC,65.0
search2|ONAVEG|1023,1024,ONAVEG,66.0
search2|ONAVEG|1024,1025,ONAVEG,66.0
search2|ONAVIK|1025,1026,ONAVIK,66.0
search2|OQAHUK|1026,1027,OQAHUK,29.0
search2|OQAHUK|1027,1028,OQAHUK,29.0
search2|OQAJAS|1028,1029,OQAJAS,30.0
search2|OQAJAS|1029,1030,OQAJAS,30.0
search2|OQIDAW|1030,1031,OQIDAW,28.0
search2|OQIDEA|1031,1032,OQIDEA,28.0
search2|OQIDIE|1032,1033,OQIDIE,28.0
search2|ORUCEM|1033,1034,ORUCEM,28.0
search2|ORUCIQ|1034,1035,ORUCIQ,27.0
search2|ORUCIQ|1035,1036,ORUCIQ,27.0
search2|ORUCIQ|1036,1037,ORUCIQ,27.0
search2|ORUCIQ|1037,1038,ORUCIQ,27.0
search2|OSOVEZ|1038,1039,OSOVEZ,30.0
search2|OSOVUP|1039,1040,OSOVUP,30.0
search2|OSOVUP|1040,1041,OSOVUP,30.0
search2|OTIVUJ|1041,1042,OTIVUJ,30.0
search2|OVIDEF|1042,1043,OVIDEF,30.0
search2|OVIDEF|1043,1044,OVIDEF,30.0
search2|OVIDIJ|1044,1045,OVIDIJ,27.0
search2|OVIDIJ|1045,1046,OVIDIJ,27.0
search2|OVIDIJ|1046,1047,OVIDIJ,27.0
search2|OVIDOP|1047,1048,OVIDOP,27.0
search2|OVIDOP|1048,1049,OVIDOP,27.0
search2|OWAMUV|1049,1050,OWAMUV,66.0
search2|OWANAC|1050,1051,OWANAC,65.0
search2|OWUWAG|1051,1052,OWUWAG,30.0
search2|OXABIA|1052,1053,OXABIA,29.0
search2|OYOJUK|1053,1054,OYOJUK,30.0
search2|OYOJUK|1054,1055,OYOJUK,30.0
search2|OYUJID|1055,1056,OYUJID,29.0
search2|OYUJID|1056,1057,OYUJID,29.0
search2|OZAWEU|1057,1058,OZAWEU,29.0
search2|OZAWIY|1058,1059,OZAWIY,28.0
search2|OZAWIY|1059,1060,OZAWIY,29.0
search2|OZEQUG|1060,1061,OZEQUG,29.0
search2|OZEQUG|1061,1062,OZEQUG,29.0
search2|OZERAN|1062,1063,OZERAN,29.0
search2|OZERER|1063,1064,OZERER,29.0
search2|PANLOG|1064,1065,PANLOG,48.0
search2|PANLOG|1065,1066,PANLOG,48.0
search2|PAVBOD|1066,1067,PAVBOD,29.0
search2|PAVBUJ|1067,1068,PAVBUJ,29.0
search2|PAYPUC|1068,1069,PAYPUC,29.0
search2|PEKKOG|1069,1070,PEKKOG,29.0
search2|PELDEQ|1070,1071,PELDEQ,29.0
search2|PENXOW|1071,1072,PENXOW,29.0
search2|PENXOW|1072,1073,PENXOW,29.0
search2|PERQEK|1073,1074,PERQEK,27.0
search2|PERQEK|1074,1075,PERQEK,27.0
search2|PERQIO|1075,1076,PERQIO,27.0
search2|PERQIO|1076,1077,PERQIO,27.0
search2|PERQOU|1077,1078,PERQOU,27.0
search2|PERQOU|1078,1079,PERQOU,27.0
search2|PESKUT|1079,1080,PESKUT,25.0
search2|PEVBOI|1080,1081,PEVBOI,29.0
search2|PEVBUO|1081,1082,PEVBUO,29.0
search2|PEVCAV|1082,1083,PEVCAV,29.0
search2|PIBKAM|1083,1084,PIBKAM,29.0
search2|PIBKIU|1084,1085,PIBKIU,29.0
search2|PIBKOA|1085,1086,PIBKOA,29.0
search2|PIDNIZ|1086,1087,PIDNIZ,25.0
search2|PIDPAT|1087,1088,PIDPAT,25.0
search2|PIPABC|1088,1089,PIPABC,27.0
search2|PIPKOO|1089,1090,PIPKOO,29.0
search2|PIPKUU|1090,1091,PIPKUU,29.0
search2|PIPKUU|1091,1092,PIPKUU,29.0
search2|PIPLAB|1092,1093,PIPLAB,29.0
search2|PISPCO|1093,1094,PISPCO,27.0
search2|PIWHEK|1094,1095,PIWHEK,28.0
search2|PIWHEK|1095,1096,PIWHEK,26.0
search2|PIWHIO|1096,1097,PIWHIO,26.0
search2|PIWHIO|1097,1098,PIWHIO,28.0
search2|POCKOI|1098,1099,POCKOI,29.0
search2|PODGOE|1099,1100,PODGOE,25.0
search2|PODGOE|1100,1101,PODGOE,29.0
search2|PODGOE|1101,1102,PODGOE,29.0
search2|POKDID|1102,1103,POKDID,29.0
search2|POVVUR|1103,1104,POVVUR,29.0
search2|POXLAP|1104,1105,POXLAP,28.0
search2|POXLAP|1105,1106,POXLAP,28.0
search2|POYNOG|1106,1107,POYNOG,29.0
search2|POYNUM|1107,1108,POYNUM,29.0
search2|PRIBCA|1108,1109,PRIBCA,27.0
search2|PRSACU01|1109,1110,PRSACU01,29.0
search2|PUGKEH|1110,1111,PUGKEH,29.0
search2|PUGKEH|1111,1112,PUGKEH,11.0
search2|PUKKIS|1112,1113,PUKKIS,29.0
search2|PUKKOY|1113,1114,PUKKOY,29.0
search2|PUKKOY|1114,1115,PUKKOY,29.0
search2|PUKKOY|1115,1116,PUKKOY,29.0
search2|PUKKOY|1116,1117,PUKKOY,29.0
search2|PUKKUE|1117,1118,PUKKUE,29.0
search2|PULDOP|1118,1119,PULDOP,25.0
search2|PUPCAH|1119,1120,PUPCAH,29.0
search2|PUPCEL|1120,1121,PUPCEL,29.0
search2|PURXEF|1121,1122,PURXEF,28.0
search2|PYIPCU|1122,1123,PYIPCU,29.0
search2|QADPEQ|1123,1124,QADPEQ,48.0
search2|QADPEQ|1124,1125,QADPEQ,48.0
search2|QADVIC|1125,1126,QADVIC,27.0
search2|QADVIC|1126,1127,QADVIC,27.0
search2|QAFSUM|1127,1128,QAFSUM,30.0
search2|QAFTAT|1128,1129,QAFTAT,30.0
search2|QAJWAC|1129,1130,QAJWAC,29.0
search2|QAJWIK|1130,1131,QAJWIK,29.0
search2|QAJWOQ|1131,1132,QAJWOQ,29.0
search2|QAVFIC|1132,1133,QAVFIC,29.0
search2|QAXZUK|1133,1134,QAXZUK,25.0
search2|QAXZUK|1134,1135,QAXZUK,25.0
search2|QAYNAF|1135,1136,QAYNAF,30.0
search2|QEHSAZ|1136,1137,QEHSAZ,29.0
search2|QEHSIH|1137,1138,QEHSIH,29.0
search2|QEKFIW|1138,1139,QEKFIW,29.0
search2|QEKFIW|1139,1140,QEKFIW,25.0
search2|QEKGOF|1140,1141,QEKGOF,29.0
search2|QEKGOF|1141,1142,QEKGOF,28.0
search2|QEKGUL|1142,1143,QEKGUL,29.0
search2|QEKGUL|1143,1144,QEKGUL,28.0
search2|QEKHAS|1144,1145,QEKHAS,29.0
search2|QEKHAS|1145,1146,QEKHAS,28.0
search2|QEKHEW|1146,1147,QEKHEW,29.0
search2|QEKHEW|1147,1148,QEKHEW,28.0
search2|QEWCOL|1148,1149,QEWCOL,26.0
search2|QEWCOL|1149,1150,QEWCOL,26.0
search2|QEWCUR|1150,1151,QEWCUR,26.0
search2|QEWCUR|1151,1152,QEWCUR,26.0
search2|QIBRUP|1152,1153,QIBRUP,68.0
search2|QIDWUW|1153,1154,QIDWUW,30.0
search2|QIDXAD|1154,1155,QIDXAD,30.0
search2|QIDXEH|1155,1156,QIDXEH,30.0
search2|QIDXIL|1156,1157,QIDXIL,30.0
search2|QINTAK|1157,1158,QINTAK,29.0
search2|QIPBUQ|1158,1159,QIPBUQ,25.0
search2|QIPBUQ|1159,1160,QIPBUQ,25.0
search2|QIPCAX|1160,1161,QIPCAX,27.0
search2|QIPCAX|1161,1162,QIPCAX,27.0
search2|QIPSUH|1162,1163,QIPSUH,27.0
search2|QIQKAC|1163,1164,QIQKAC,30.0
search2|QIQKAC|1164,1165,QIQKAC,30.0
search2|QITKAF|1165,1166,QITKAF,25.0
search2|QOCRIK|1166,1167,QOCRIK,29.0
search2|QOCRIK|1167,1168,QOCRIK,29.0
search2|QOCROQ|1168,1169,QOCROQ,29.0
search2|QOKFUT|1169,1170,QOKFUT,27.0
search2|QOKFUT|1170,1171,QOKFUT,27.0
search2|QOQPAP|1171,1172,QOQPAP,29.0
search2|QOQPAP|1172,1173,QOQPAP,29.0
search2|QOQPET|1173,1174,QOQPET,29.0
search2|QOQPET|1174,1175,QOQPET,29.0
search2|QULYAY|1175,1176,QULYAY,29.0
search2|QULYEC|1176,1177,QULYEC,29.0
search2|QULYEC|1177,1178,QULYEC,29.0
search2|QULYIG|1178,1179,QULYIG,29.0
search2|QULYIG|1179,1180,QULYIG,29.0
search2|QULYOM|1180,1181,QULYOM,29.0
search2|QULYOM|1181,1182,QULYOM,29.0
search2|QUSHAO|1182,1183,QUSHAO,25.0
search2|QUTCIT|1183,1184,QUTCIT,30.0
search2|QUTCOZ|1184,1185,QUTCOZ,30.0
search2|QUTCOZ|1185,1186,QUTCOZ,30.0
search2|QUTCUF|1186,1187,QUTCUF,30.0
search2|QUTCUF|1187,1188,QUTCUF,30.0
search2|RAFVEB|1188,1189,RAFVEB,26.0
search2|RATPAD|1189,1190,RATPAD,25.0
search2|RAXNAH|1190,1191,RAXNAH,30.0
search2|RAXNAH|1191,1192,RAXNAH,30.0
search2|RAXSOA|1192,1193,RAXSOA,29.0
search2|RECPIB|1193,1194,RECPIB,66.0
search2|RECPIB|1194,1195,RECPIB,66.0
search2|RECPOH|1195,1196,RECPOH,62.0
search2|RECPOH|1196,1197,RECPOH,62.0
search2|REDQAT|1197,1198,REDQAT,28.0
search2|REDQAT|1198,1199,REDQAT,28.0
search2|REHZIP|1199,1200,REHZIP,66.0
search2|REHZIP|1200,1201,REHZIP,66.0
search2|REHZOV|1201,1202,REHZOV,66.0
search2|RELYIR|1202,1203,RELYIR,25.0
search2|RELYOX|1203,1204,RELYOX,25.0
search2|RELYUD|1204,1205,RELYUD,25.0
search2|RELYUD|1205,1206,RELYUD,25.0
search2|RELZAK|1206,1207,RELZAK,25.0
search2|REXHOR|1207,1208,REXHOR,48.0
search2|REXHOR|1208,1209,REXHOR,48.0
search2|RIBXUV|1209,1210,RIBXUV,29.0
search2|RIBXUV|1210,1211,RIBXUV,29.0
search2|RIBYAC|1211,1212,RIBYAC,29.0
search2|RIBYAC|1212,1213,RIBYAC,29.0
search2|RIBYAC|1213,1214,RIBYAC,29.0
search2|RIBYAC|1214,1215,RIBYAC,29.0
search2|RIGWOT|1215,1216,RIGWOT,57.0
search2|RINSIT|1216,1217,RINSIT,30.0
search2|RINVAN|1217,1218,RINVAN,28.0
search2|RIPSAO|1218,1219,RIPSAO,30.0
search2|RIPSES|1219,1220,RIPSES,30.0
search2|RIPSES|1220,1221,RIPSES,30.0
search2|RITGEH|1221,1222,RITGEH,28.0
search2|RITGEH|1222,1223,RITGEH,28.0
search2|RIVXEC|1223,1224,RIVXEC,28.0
search2|RIYJAK|1224,1225,RIYJAK,29.0
search2|RODGOG|1225,1226,RODGOG,27.0
search2|RODGOG01|1226,1227,RODGOG01,27.0
search2|ROGKUT|1227,1228,ROGKUT,48.0
search2|ROGKUT|1228,1229,ROGKUT,48.0
search2|ROGPOS|1229,1230,ROGPOS,29.0
search2|ROGPOS01|1230,1231,ROGPOS01,29.0
search2|RUDHEE|1231,1232,RUDHEE,48.0
search2|RUDHII|1232,1233,RUDHII,48.0
search2|RUDHII|1233,1234,RUDHII,48.0
search2|RUGVOE|1234,1235,RUGVOE,48.0
search2|RULKEP|1235,1236,RULKEP,64.0
search2|RULKEP|1236,1237,RULKEP,64.0
search2|RULKIT|1237,1238,RULKIT,65.0
search2|RULKIT|1238,1239,RULKIT,65.0
search2|RUVGAR|1239,1240,RUVGAR,48.0
search2|RUVGAR|1240,1241,RUVGAR,48.0
search2|RUVGAR|1241,1242,RUVGAR,48.0
search2|RUVGAR|1242,1243,RUVGAR,48.0
search2|RUVGEV|1243,1244,RUVGEV,48.0
search2|RUVGEV|1244,1245,RUVGEV,48.0
search2|RUVGEV|1245,1246,RUVGEV,48.0
search2|RUVGEV|1246,1247,RUVGEV,48.0
search2|RUVGIZ|1247,1248,RUVGIZ,48.0
search2|RUVGIZ|1248,1249,RUVGIZ,48.0
search2|RUVGIZ|1249,1250,RUVGIZ,48.0
search2|RUVGOF|1250,1251,RUVGOF,48.0
search2|RUVGOF|1251,1252,RUVGOF,48.0
search2|RUVGUL|1252,1253,RUVGUL,48.0
search2|RUVGUL|1253,1254,RUVGUL,48.0
search2|RUVHAS|1254,1255,RUVHAS,48.0
search2|RUVHEW|1255,1256,RUVHEW,30.0
search2|RUVHIA|1256,1257,RUVHIA,30.0
search2|RUVHOG|1257,1258,RUVHOG,25.0
search2|RUVHOG|1258,1259,RUVHOG,25.0
search2|RUVHOG|1259,1260,RUVHOG,25.0
search2|RUVHUM|1260,1261,RUVHUM,25.0
search2|RUVHUM|1261,1262,RUVHUM,25.0
search2|RUVJEY|1262,1263,RUVJEY,29.0
search2|RUYPEH|1263,1264,RUYPEH,29.0
search2|RUYPIL|1264,1265,RUYPIL,29.0
search2|RUYPIL|1265,1266,RUYPIL,29.0
search2|RUYPOR|1266,1267,RUYPOR,29.0
search2|RUZBEV|1267,1268,RUZBEV,25.0
search2|RUZBEV|1268,1269,RUZBEV,25.0
search2|RUZBIZ|1269,1270,RUZBIZ,25.0
search2|SABJUB|1270,1271,SABJUB,28.0
search2|SALVOT|1271,1272,SALVOT,29.0
search2|SATYOB|1272,1273,SATYOB,29.0
search2|SATYUH|1273,1274,SATYUH,29.0
search2|SATZAO|1274,1275,SATZAO,29.0
search2|SATZES|1275,1276,SATZES,29.0
search2|SAVJIJ|1276,1277,SAVJIJ,29.0
search2|SAVJIJ|1277,1278,SAVJIJ,29.0
search2|SAVJIJ|1278,1279,SAVJIJ,29.0
search2|SAVJOP|1279,1280,SAVJOP,29.0
search2|SAVJOP|1280,1281,SAVJOP,29.0
search2|SAVJOP|1281,1282,SAVJOP,29.0
search2|SAVJOP|1282,1283,SAVJOP,29.0
search2|SAVJOP|1283,1284,SAVJOP,29.0
search2|SAVJOP|1284,1285,SAVJOP,29.0
search2|SAVKAC|1285,1286,SAVKAC,27.0
search2|SAVKEG|1286,1287,SAVKEG,28.0
search2|SAVKOQ|1287,1288,SAVKOQ,28.0
search2|SAVMEH|1288,1289,SAVMEH,29.0
search2|SEKVEK|1289,1290,SEKVEK,29.0
search2|SEVBAZ|1290,1291,SEVBAZ,29.0
search2|SEVBED|1291,1292,SEVBED,29.0
search2|SEVBED|1292,1293,SEVBED,29.0
search2|SICDUD|1293,1294,SICDUD,29.0
search2|SIGDUK|1294,1295,SIGDUK,66.0
search2|SIGFAS|1295,1296,SIGFAS,67.0
search2|SIGFEW|1296,1297,SIGFEW,68.0
search2|SIGFIA|1297,1298,SIGFIA,64.0
search2|SIGHUO|1298,1299,SIGHUO,65.0
search2|SIKXOZ|1299,1300,SIKXOZ,25.0
search2|SIKXOZ|1300,1301,SIKXOZ,25.0
search2|SIKXOZ10|1301,1302,SIKXOZ10,25.0
search2|SIKXOZ10|1302,1303,SIKXOZ10,25.0
search2|SILWUG|1303,1304,SILWUG,29.0
search2|SINBOK|1304,1305,SINBOK,30.0
search2|SINBOK|1305,1306,SINBOK,30.0
search2|SINBUQ|1306,1307,SINBUQ,30.0
search2|SIQSEU|1307,1308,SIQSEU,29.0
search2|SIRLEK|1308,1309,SIRLEK,29.0
search2|SISDIJ|1309,1310,SISDIJ,29.0
search2|SISGEK|1310,1311,SISGEK,27.0
search2|SISGIO|1311,1312,SISGIO,27.0
search2|SISGOU|1312,1313,SISGOU,27.0
search2|SISGOU|1313,1314,SISGOU,27.0
search2|SISGUA|1314,1315,SISGUA,27.0
search2|SISGUA|1315,1316,SISGUA,27.0
search2|SISGUA|1316,1317,SISGUA,27.0
search2|SISHAH|1317,1318,SISHAH,27.0
search2|SISHAH|1318,1319,SISHAH,27.0
search2|SISKAK|1319,1320,SISKAK,27.0
search2|SISTET|1320,1321,SISTET,29.0
search2|SIWTUQ|1321,1322,SIWTUQ,29.0
search2|SIWZUW|1322,1323,SIWZUW,29.0
search2|SIXDEL|1323,1324,SIXDEL,29.0
search2|SIXLOA|1324,1325,SIXLOA,28.0
search2|SIXLUG|1325,1326,SIXLUG,27.0
search2|SIXLUG|1326,1327,SIXLUG,27.0
search2|SIXSAV|1327,1328,SIXSAV,29.0
search2|SOFBOE|1328,1329,SOFBOE,82.0
search2|SOFBOE|1329,1330,SOFBOE,29.0
search2|SOFBOE|1330,1331,SOFBOE,29.0
search2|SOHKEF|1331,1332,SOHKEF,29.0
search2|SOHKEF|1332,1333,SOHKEF,29.0
search2|SOTCEK|1333,1334,SOTCEK,30.0
search2|SOTCEK|1334,1335,SOTCEK,30.0
search2|SOVMAS|1335,1336,SOVMAS,29.0
search2|SOVMEW|1336,1337,SOVMEW,29.0
search2|SOVMIA|1337,1338,SOVMIA,29.0
search2|SUHDEE|1338,1339,SUHDEE,25.0
search2|SUJHAJ|1339,1340,SUJHAJ,64.0
search2|SUJHEN|1340,1341,SUJHEN,65.0
search2|SUJHIR|1341,1342,SUJHIR,66.0
search2|TAHWUX|1342,1343,TAHWUX,25.0
search2|TAHXAE|1343,1344,TAHXAE,27.0
search2|TANMED|1344,1345,TANMED,29.0
search2|TANMED|1345,1346,TANMED,29.0
search2|TAVRIR|1346,1347,TAVRIR,29.0
search2|TAVRIR|1347,1348,TAVRIR,29.0
search2|TAVRIR|1348,1349,TAVRIR,29.0
search2|TAVRIR|1349,1350,TAVRIR,29.0
search2|TEDPEX|1350,1351,TEDPEX,25.0
search2|TEHDAN|1351,1352,TEHDAN,57.0
search2|TEHDAN|1352,1353,TEHDAN,57.0
search2|TEHDER|1353,1354,TEHDER,68.0
search2|TEXNIT|1354,1355,TEXNIT,25.0
search2|TEXNIT|1355,1356,TEXNIT,28.0
search2|TEXNOZ|1356,1357,TEXNOZ,25.0
search2|TEXNOZ|1357,1358,TEXNOZ,28.0
search2|TILXIZ|1358,1359,TILXIZ,29.0
search2|TILXOF|1359,1360,TILXOF,29.0
search2|TIMKOQ|1360,1361,TIMKOQ,29.0
search2|TIRHUA|1361,1362,TIRHUA,29.0
search2|TIRHUA|1362,1363,TIRHUA,29.0
search2|TIRJAI|1363,1364,TIRJAI,29.0
search2|TIRJAI|1364,1365,TIRJAI,29.0
search2|TIWPAQ|1365,1366,TIWPAQ,26.0
search2|TIXQAU|1366,1367,TIXQAU,27.0
search2|TIXQAU|1367,1368,TIXQAU,27.0
search2|TIXQAU|1368,1369,TIXQAU,27.0
search2|TIXQAU|1369,1370,TIXQAU,27.0
search2|TIXQAU01|1370,1371,TIXQAU01,27.0
search2|TIXQAU01|1371,1372,TIXQAU01,27.0
search2|TIXQAU01|1372,1373,TIXQAU01,27.0
search2|TIXQAU01|1373,1374,TIXQAU01,27.0
search2|TOPJEP|1374,1375,TOPJEP,28.0
search2|TOPJEP|1375,1376,TOPJEP,28.0
search2|TOPJEP|1376,1377,TOPJEP,28.0
search2|TOPJEP|1377,1378,TOPJEP,28.0
search2|TOSTON|1378,1379,TOSTON,29.0
search2|TOSTUT|1379,1380,TOSTUT,29.0
search2|TOSVEF|1380,1381,TOSVEF,29.0
search2|TOTTON|1381,1382,TOTTON,29.0
search2|TOTTON|1382,1383,TOTTON,29.0
search2|TOTTUT|1383,1384,TOTTUT,29.0
search2|TOTTUT|1384,1385,TOTTUT,29.0
search2|TOXRUW|1385,1386,TOXRUW,27.0
search2|TOXRUW|1386,1387,TOXRUW,27.0
search2|TOXSAD|1387,1388,TOXSAD,27.0
search2|TOXSAD|1388,1389,TOXSAD,27.0
search2|TUSDAN|1389,1390,TUSDAN,29.0
search2|TUSDER|1390,1391,TUSDER,29.0
search2|TUZTIT|1391,1392,TUZTIT,29.0
search2|UCAROH|1392,1393,UCAROH,30.0
search2|UCAROH|1393,1394,UCAROH,30.0
search2|UCARUN|1394,1395,UCARUN,30.0
search2|UCASAU|1395,1396,UCASAU,30.0
search2|UCASAU|1396,1397,UCASAU,30.0
search2|UCIJID|1397,1398,UCIJID,29.0
search2|UCIJOJ|1398,1399,UCIJOJ,29.0
search2|UCIJUP|1399,1400,UCIJUP,29.0
search2|UDOTUD|1400,1401,UDOTUD,29.0
search2|UDUYIB|1401,1402,UDUYIB,64.0
search2|UFARAU|1402,1403,UFARAU,30.0
search2|UFAREY|1403,1404,UFAREY,30.0
search2|UFAREY|1404,1405,UFAREY,30.0
search2|UHINAA|1405,1406,UHINAA,29.0
search2|UHINEE|1406,1407,UHINEE,29.0
search2|UHOFUS|1407,1408,UHOFUS,26.0
search2|UHOGED|1408,1409,UHOGED,23.0
search2|ULATOR|1409,1410,ULATOR,30.0
search2|ULATOR|1410,1411,ULATOR,30.0
search2|UNOQUM|1411,1412,UNOQUM,39.0
search2|UNORAT|1412,1413,UNORAT,71.0
search2|UNOREX|1413,1414,UNOREX,70.0
search2|UNORIB|1414,1415,UNORIB,71.0
search2|UNOROH|1415,1416,UNOROH,70.0
search2|UNORUN|1416,1417,UNORUN,70.0
search2|UNOSAU|1417,1418,UNOSAU,70.0
search2|UNOSEY|1418,1419,UNOSEY,39.0
search2|UNOSIC|1419,1420,UNOSIC,71.0
search2|UPASIQ|1420,1421,UPASIQ,29.0
search2|UPASOW|1421,1422,UPASOW,29.0
search2|UPASUC|1422,1423,UPASUC,29.0
search2|USORAX|1423,1424,USORAX,30.0
search2|UTIVAW|1424,1425,UTIVAW,27.0
search2|UWANUE|1425,1426,UWANUE,48.0
search2|UYEKIT|1426,1427,UYEKIT,28.0
search2|UYEKOZ|1427,1428,UYEKOZ,28.0
search2|UYEKUF|1428,1429,UYEKUF,28.0
search2|UYEKUF|1429,1430,UYEKUF,28.0
search2|UZANOB|1430,1431,UZANOB,29.0
search2|UZANUH|1431,1432,UZANUH,29.0
search2|UZUXAP|1432,1433,UZUXAP,29.0
search2|UZUXET|1433,1434,UZUXET,29.0
search2|UZUXIX|1434,1435,UZUXIX,29.0
search2|UZUXOD|1435,1436,UZUXOD,29.0
search2|UZUXUJ|1436,1437,UZUXUJ,29.0
search2|UZUXUJ|1437,1438,UZUXUJ,29.0
search2|VAGLIY|1438,1439,VAGLIY,82.0
search2|VALZAJ|1439,1440,VALZAJ,29.0
search2|VALZEN|1440,1441,VALZEN,29.0
search2|VAMMAY|1441,1442,VAMMAY,30.0
search2|VAMMEC|1442,1443,VAMMEC,30.0
search2|VAMMOM|1443,1444,VAMMOM,30.0
search2|VAMMUS|1444,1445,VAMMUS,30.0
search2|VAMNAZ|1445,1446,VAMNAZ,30.0
search2|VEDHER|1446,1447,VEDHER,64.0
search2|VEFFIV|1447,1448,VEFFIV,29.0
search2|VEFFOB|1448,1449,VEFFOB,29.0
search2|VEGFAO|1449,1450,VEGFAO,3.0
search2|VEGFAO|1450,1451,VEGFAO,3.0
search2|VEGFAO|1451,1452,VEGFAO,3.0
search2|VEKWOY|1452,1453,VEKWOY,30.0
search2|VEKWOY|1453,1454,VEKWOY,26.0
search2|VEKWUE|1454,1455,VEKWUE,26.0
search2|VEKWUE|1455,1456,VEKWUE,30.0
search2|VENWAQ|1456,1457,VENWAQ,26.0
search2|VENWEU|1457,1458,VENWEU,28.0
search2|VENWIY|1458,1459,VENWIY,27.0
search2|VENWIY|1459,1460,VENWIY,27.0
search2|VENWIY|1460,1461,VENWIY,27.0
search2|VENWIY|1461,1462,VENWIY,27.0
search2|VERGUU|1462,1463,VERGUU,29.0
search2|VETNAK|1463,1464,VETNAK,30.0
search2|VETNAK01|1464,1465,VETNAK01,30.0
search2|VEWBEE|1465,1466,VEWBEE,67.0
search2|VEWBEE|1466,1467,VEWBEE,67.0
search2|VEWDEG|1467,1468,VEWDEG,71.0
search2|VEXQIZ|1468,1469,VEXQIZ,29.0
search2|VEXQIZ|1469,1470,VEXQIZ,29.0
search2|VEXQIZ|1470,1471,VEXQIZ,29.0
search2|VIGCAS|1471,1472,VIGCAS,26.0
search2|VIGCEW|1472,1473,VIGCEW,26.0
search2|VIGCIA|1473,1474,VIGCIA,26.0
search2|VIGCIA|1474,1475,VIGCIA,26.0
search2|VIGCOG|1475,1476,VIGCOG,26.0
search2|VIGDAT|1476,1477,VIGDAT,26.0
search2|VIJQUA|1477,1478,VIJQUA,30.0
search2|VIJRIQ|1478,1479,VIJRIQ,28.0
search2|VIJRIQ|1479,1480,VIJRIQ,28.0
search2|VIJRIQ|1480,1481,VIJRIQ,28.0
search2|VIJRIQ|1481,1482,VIJRIQ,28.0
search2|VISLIT|1482,1483,VISLIT,29.0
search2|VISLIT|1483,1484,VISLIT,29.0
search2|VIXLET|1484,1485,VIXLET,25.0
search2|VIXLET|1485,1486,VIXLET,25.0
search2|VIYDIQ|1486,1487,VIYDIQ,30.0
search2|VIYHEQ|1487,1488,VIYHEQ,30.0
search2|VOFRAK|1488,1489,VOFRAK,25.0
search2|VOGRAM|1489,1490,VOGRAM,30.0
search2|VONQOF|1490,1491,VONQOF,30.0
search2|VONQOF|1491,1492,VONQOF,30.0
search2|VONQOF|1492,1493,VONQOF,30.0
search2|VONQOF|1493,1494,VONQOF,30.0
search2|VOSMAT|1494,1495,VOSMAT,3.0
search2|VOSMAT|1495,1496,VOSMAT,57.0
search2|VOSMAT|1496,1497,VOSMAT,3.0
search2|VUWCUN|1497,1498,VUWCUN,25.0
search2|VUWDAU|1498,1499,VUWDAU,25.0
search2|VUWDAU|1499,1500,VUWDAU,25.0
search2|WAKPOO|1500,1501,WAKPOO,29.0
search2|WAKQEF|1501,1502,WAKQEF,29.0
search2|WAKQEF01|1502,1503,WAKQEF01,29.0
search2|WAKQIJ|1503,1504,WAKQIJ,29.0
search2|WATGIH|1504,1505,WATGIH,82.0
search2|WATGIH|1505,1506,WATGIH,29.0
search2|WATGON|1506,1507,WATGON,29.0
search2|WATYID|1507,1508,WATYID,29.0
search2|WATYID|1508,1509,WATYID,29.0
search2|WEBSEB|1509,1510,WEBSEB,28.0
search2|WEBSEB|1510,1511,WEBSEB,28.0
search2|WECLEY|1511,1512,WECLEY,27.0
search2|WECPEC|1512,1513,WECPEC,30.0
search2|WECQEA|1513,1514,WECQEA,66.0
search2|WEMFUT|1514,1515,WEMFUT,25.0
search2|WENGIF|1515,1516,WENGIF,25.0
search2|WENGIF|1516,1517,WENGIF,25.0
search2|WIJNUA|1517,1518,WIJNUA,25.0
search2|WIJNUA|1518,1519,WIJNUA,25.0
search2|WIJPEM|1519,1520,WIJPEM,25.0
search2|WIJPEM|1520,1521,WIJPEM,25.0
search2|WIJPOW|1521,1522,WIJPOW,25.0
search2|WIJPOW|1522,1523,WIJPOW,25.0
search2|WIJPOW|1523,1524,WIJPOW,25.0
search2|WIJPOW|1524,1525,WIJPOW,25.0
search2|WOBLEG|1525,1526,WOBLEG,29.0
search2|WOBLEG01|1526,1527,WOBLEG01,29.0
search2|WOGSES|1527,1528,WOGSES,30.0
search2|WOGSIW|1528,1529,WOGSIW,30.0
search2|WOGSIW|1529,1530,WOGSIW,30.0
search2|WOGSOC|1530,1531,WOGSOC,28.0
search2|WOGVAR|1531,1532,WOGVAR,29.0
search2|WOGVAR|1532,1533,WOGVAR,29.0
search2|WOGVAR|1533,1534,WOGVAR,29.0
search2|WOLKEP|1534,1535,WOLKEP,29.0
search2|WOSPUR|1535,1536,WOSPUR,3.0
search2|WOSPUR|1536,1537,WOSPUR,62.0
search2|WOSPUR|1537,1538,WOSPUR,3.0
search2|WUBFIK|1538,1539,WUBFIK,3.0
search2|WUBFIK|1539,1540,WUBFIK,70.0
search2|WUBFIK|1540,1541,WUBFIK,3.0
search2|WUKPAU|1541,1542,WUKPAU,29.0
search2|WUKPEY|1542,1543,WUKPEY,29.0
search2|WUXTUF|1543,1544,WUXTUF,29.0
search2|WUXTUF|1544,1545,WUXTUF,29.0
search2|WUXVAN|1545,1546,WUXVAN,29.0
search2|WUXVAN|1546,1547,WUXVAN,29.0
search2|WUXVER|1547,1548,WUXVER,29.0
search2|WUXVIV|1548,1549,WUXVIV,30.0
search2|WUXVOB|1549,1550,WUXVOB,30.0
search2|WUXVUH|1550,1551,WUXVUH,30.0
search2|WUXWAO|1551,1552,WUXWAO,30.0
search2|WUZXIZ|1552,1553,WUZXIZ,29.0
search2|WUZXIZ|1553,1554,WUZXIZ,29.0
search2|XALZOZ|1554,1555,XALZOZ,27.0
search2|XALZUF|1555,1556,XALZUF,29.0
search2|XAMBAO|1556,1557,XAMBAO,27.0
search2|XEBDOX|1557,1558,XEBDOX,28.0
search2|XEBDOX|1558,1559,XEBDOX,28.0
search2|XEFYUD|1559,1560,XEFYUD,28.0
search2|XEGFOE|1560,1561,XEGFOE,30.0
search2|XEJGID|1561,1562,XEJGID,29.0
search2|XEPHUV|1562,1563,XEPHUV,66.0
search2|XIQXAA|1563,1564,XIQXAA,27.0
search2|XIQXEE|1564,1565,XIQXEE,27.0
search2|XIQXEE|1565,1566,XIQXEE,27.0
search2|XIQXII|1566,1567,XIQXII,27.0
search2|XIQXII|1567,1568,XIQXII,27.0
search2|XIQXOO|1568,1569,XIQXOO,27.0
search2|XIQXUU|1569,1570,XIQXUU,27.0
search2|XIQXUU|1570,1571,XIQXUU,27.0
search2|XISWAY|1571,1572,XISWAY,28.0
search2|XIWFOA|1572,1573,XIWFOA,28.0
search2|XIWFUG|1573,1574,XIWFUG,28.0
search2|XIWFUG|1574,1575,XIWFUG,28.0
search2|XIWGAN|1575,1576,XIWGAN,28.0
search2|XIWGAN|1576,1577,XIWGAN,28.0
search2|XIWLUM|1577,1578,XIWLUM,30.0
search2|XIWMAT|1578,1579,XIWMAT,25.0
search2|XIWMEX|1579,1580,XIWMEX,25.0
search2|XORSED|1580,1581,XORSED,29.0
search2|XUHLUI|1581,1582,XUHLUI,30.0
search2|XUHMAP|1582,1583,XUHMAP,30.0
search2|XUHMAP|1583,1584,XUHMAP,30.0
search2|XUHMAP01|1584,1585,XUHMAP01,30.0
search2|XUHMAP01|1585,1586,XUHMAP01,30.0
search2|XUHMET|1586,1587,XUHMET,30.0
search2|XUNWEI|1587,1588,XUNWEI,29.0
search2|XUNWEI|1588,1589,XUNWEI,29.0
search2|XUNWIM|1589,1590,XUNWIM,30.0
search2|XUPQOR|1590,1591,XUPQOR,28.0
search2|XUPQUX|1591,1592,XUPQUX,28.0
search2|XUPRAE|1592,1593,XUPRAE,28.0
search2|XUWJIJ|1593,1594,XUWJIJ,29.0
search2|XUYJOT|1594,1595,XUYJOT,28.0
search2|XUZFIJ|1595,1596,XUZFIJ,28.0
search2|XUZFOP|1596,1597,XUZFOP,29.0
search2|YADNIB|1597,1598,YADNIB,25.0
search2|YAGXOX|1598,1599,YAGXOX,29.0
search2|YANNOU|1599,1600,YANNOU,28.0
search2|YANNUA|1600,1601,YANNUA,28.0
search2|YAZSOH|1601,1602,YAZSOH,25.0
search2|YELGAX|1602,1603,YELGAX,29.0
search2|YEQCUT|1603,1604,YEQCUT,28.0
search2|YEQCUT|1604,1605,YEQCUT,28.0
search2|YEQRAQ|1605,1606,YEQRAQ,25.0
search2|YEQRAQ|1606,1607,YEQRAQ,29.0
search2|YETGEK|1607,1608,YETGEK,29.0
search2|YEXMAT|1608,1609,YEXMAT,26.0
search2|YEXMAT|1609,1610,YEXMAT,26.0
search2|YIJTUH|1610,1611,YIJTUH,48.0
search2|YILQIX|1611,1612,YILQIX,66.0
search2|YILQOD|1612,1613,YILQOD,66.0
search2|YILQUJ|1613,1614,YILQUJ,66.0
search2|YILQUJ|1614,1615,YILQUJ,66.0
search2|YILRAQ|1615,1616,YILRAQ,66.0
search2|YILRAQ|1616,1617,YILRAQ,66.0
search2|YIMKIO|1617,1618,YIMKIO,30.0
search2|YIMKIO|1618,1619,YIMKIO,30.0
search2|YIMKOU|1619,1620,YIMKOU,30.0
search2|YIVFUH|1620,1621,YIVFUH,30.0
search2|YIVHAP|1621,1622,YIVHAP,30.0
search2|YIWXOS|1622,1623,YIWXOS,30.0
search2|YIWXOS|1623,1624,YIWXOS,30.0
search2|YIWXOS|1624,1625,YIWXOS,30.0
search2|YIWXUY|1625,1626,YIWXUY,28.0
search2|YIWXUY|1626,1627,YIWXUY,28.0
search2|YIWYAF|1627,1628,YIWYAF,30.0
search2|YIWYEJ|1628,1629,YIWYEJ,28.0
search2|YIWYEJ|1629,1630,YIWYEJ,28.0
search2|YIWYIN|1630,1631,YIWYIN,28.0
search2|YIYQEE|1631,1632,YIYQEE,27.0
search2|YIYQII|1632,1633,YIYQII,30.0
search2|YIYQOO|1633,1634,YIYQOO,25.0
search2|YIYQUU|1634,1635,YIYQUU,30.0
search2|YIYQUU|1635,1636,YIYQUU,30.0
search2|YIYRAB|1636,1637,YIYRAB,30.0
search2|YIYRAB|1637,1638,YIYRAB,30.0
search2|YIYRIJ|1638,1639,YIYRIJ,30.0
search2|YIYRIJ|1639,1640,YIYRIJ,30.0
search2|YIYRIJ|1640,1641,YIYRIJ,30.0
search2|YIYRIJ|1641,1642,YIYRIJ,30.0
search2|YOCNIQ|1642,1643,YOCNIQ,50.0
search2|YOJSIB|1643,1644,YOJSIB,28.0
search2|YOJSIB|1644,1645,YOJSIB,28.0
search2|YOPBUD|1645,1646,YOPBUD,30.0
search2|YOPMAT|1646,1647,YOPMAT,29.0
search2|YOPMAT|1647,1648,YOPMAT,29.0
search2|YOPSAA|1648,1649,YOPSAA,30.0
search2|YUMBIT|1649,1650,YUMBIT,29.0
search2|YUMBIT|1650,1651,YUMBIT,29.0
search2|YUMBOZ|1651,1652,YUMBOZ,29.0
search2|YUMBOZ|1652,1653,YUMBOZ,29.0
search2|YUMBUF|1653,1654,YUMBUF,29.0
search2|YUMBUF|1654,1655,YUMBUF,29.0
search2|YUMBUF|1655,1656,YUMBUF,29.0
search2|YUMBUF|1656,1657,YUMBUF,29.0
search2|YUMCAM|1657,1658,YUMCAM,29.0
search2|YUMCAM|1658,1659,YUMCAM,29.0
search2|YUMCAM|1659,1660,YUMCAM,29.0
search2|YUMCIU|1660,1661,YUMCIU,29.0
search2|YUMCIU|1661,1662,YUMCIU,29.0
search2|YUMPUT|1662,1663,YUMPUT,29.0
search2|YUMQAA|1663,1664,YUMQAA,29.0
search2|YUMQAA|1664,1665,YUMQAA,29.0
search2|ZEBYEN|1665,1666,ZEBYEN,30.0
search2|ZEBYEN|1666,1667,ZEBYEN,30.0
search2|ZEBYEN|1667,1668,ZEBYEN,30.0
search2|ZEBYEN|1668,1669,ZEBYEN,30.0
search2|ZERDEF|1669,1670,ZERDEF,29.0
search2|ZERDEF|1670,1671,ZERDEF,30.0
search2|ZETWOK|1671,1672,ZETWOK,25.0
search2|ZETWOK|1672,1673,ZETWOK,25.0
search2|ZETWOK|1673,1674,ZETWOK,25.0
search2|ZETWOK|1674,1675,ZETWOK,25.0
search2|ZEZCAI|1675,1676,ZEZCAI,29.0
search2|ZEZCEM|1676,1677,ZEZCEM,29.0
search2|ZEZYIO|1677,1678,ZEZYIO,66.0
search2|ZEZYIO|1678,1679,ZEZYIO,66.0
search2|ZICZAO|1679,1680,ZICZAO,29.0
search2|ZICZAO|1680,1681,ZICZAO,29.0
search2|ZIDVAJ|1681,1682,ZIDVAJ,29.0
search2|ZIFJUT|1682,1683,ZIFJUT,25.0
search2|ZIGQIP|1683,1684,ZIGQIP,28.0
search2|ZIJFON|1684,1685,ZIJFON,47.0
search2|ZIJFON|1685,1686,ZIJFON,47.0
search2|ZIXYAI|1686,1687,ZIXYAI,25.0
search2|ZIXYAI|1687,1688,ZIXYAI,26.0
search2|ZIZNON|1688,1689,ZIZNON,28.0
search2|ZODKEI|1689,1690,ZODKEI,30.0
search2|ZODKIM|1690,1691,ZODKIM,30.0
search2|ZODKIM|1691,1692,ZODKIM,30.0
search2|ZOJFEJ|1692,1693,ZOJFEJ,28.0
search2|ZOJFEJ|1693,1694,ZOJFEJ,29.0
search2|ZONVIH|1694,1695,ZONVIH,26.0
search2|ZONVIH|1695,1696,ZONVIH,26.0
search2|ZULBIR|1696,1697,ZULBIR,28.0
search2|ZULBOX|1697,1698,ZULBOX,28.0
